"customer_id";"customer_name";"date";"invoice_number";"line_number";"store_address";"product_id";"product_articl";"product_name";"quantity";"price_invoice";"line_total";"comment";"contract_name";"doc_type"
"000000333";"ТОЛІМАН ПЛЮС ТОВ";2026-08-17;"РБН00008425";1.00;"м. Харків, вул. Плиткова, буд. 12";"000000143";"49907";"Винний напій аром. газ. Bellini a base divino Frizzante ( біл., сух) ж/б 0,2л";360.00;60.00;21600.00;"0674264722 Тімченко Андрій Петрович";"Вино";"sale"
"000000333";"ТОЛІМАН ПЛЮС ТОВ";2026-08-17;"РБН00008423";4.00;"м. Харків, вул. Плиткова, буд. 12";"000000082";"24622";"Вино Ігристе LA Borghesia Prosecco Spumante Brut 0,75л";42.00;285.00;11970.00;"0674264722 Тімченко Андрій Петрович";"Вино";"sale"
"000000333";"ТОЛІМАН ПЛЮС ТОВ";2026-08-17;"РБН00008423";5.00;"м. Харків, вул. Плиткова, буд. 12";"000000083";"24623";"Вино Ігристе Castelbprgo Lambrusco Dell'enilia (біл. нап./сол.) 0,75л";78.00;136.20;10623.60;"0674264722 Тімченко Андрій Петрович";"Вино";"sale"
"000000333";"ТОЛІМАН ПЛЮС ТОВ";2026-08-17;"РБН00008423";6.00;"м. Харків, вул. Плиткова, буд. 12";"000000054";"23761";"Напій Fragolino ігр. на основі вина біле 0,75л";60.00;130.80;7848.00;"0674264722 Тімченко Андрій Петрович";"Вино";"sale"
"000000333";"ТОЛІМАН ПЛЮС ТОВ";2026-08-17;"РБН00008423";7.00;"м. Харків, вул. Плиткова, буд. 12";"000000053";"23760";"Напій Fragolino ігр. на основі вина червоне 0,75л";24.00;130.80;3139.20;"0674264722 Тімченко Андрій Петрович";"Вино";"sale"
"000000333";"ТОЛІМАН ПЛЮС ТОВ";2026-08-17;"РБН00008423";1.00;"м. Харків, вул. Плиткова, буд. 12";"000000030";"36402";"Вино Cavalli Neri Bianco Italiano Semi-Dolce (біл.пол/сол) 0,75л";6.00;124.20;745.20;"0674264722 Тімченко Андрій Петрович";"Вино";"sale"
"000000333";"ТОЛІМАН ПЛЮС ТОВ";2026-08-17;"РБН00008423";3.00;"м. Харків, вул. Плиткова, буд. 12";"000000026";"36405";"Вино Cavalli Neri Pinot Grigio IGT (біл.сухе) 0,75л";6.00;142.20;853.20;"0674264722 Тімченко Андрій Петрович";"Вино";"sale"
"000000333";"ТОЛІМАН ПЛЮС ТОВ";2026-08-17;"РБН00008423";2.00;"м. Харків, вул. Плиткова, буд. 12";"000000031";"36401";"Вино Cavalli Neri Rosso Italiano Semi-Dolce (черв.пол/сол) 0,75л";12.00;124.20;1490.40;"0674264722 Тімченко Андрій Петрович";"Вино";"sale"
"000000333";"ТОЛІМАН ПЛЮС ТОВ";2026-08-17;"РБН00008423";8.00;"м. Харків, вул. Плиткова, буд. 12";"000000084";"22719";"Вино Ігристе Cavalli Neri Bianco Spumante Brut 0,75л";12.00;180.00;2160.00;"0674264722 Тімченко Андрій Петрович";"Вино";"sale"
"000000333";"ТОЛІМАН ПЛЮС ТОВ";2026-08-17;"РБН00008423";11.00;"м. Харків, вул. Плиткова, буд. 12";"000001023";"45991";"Вино Ігристе SORBELLO SPRITZ 5,5 % 0,75л";6.00;151.80;910.80;"0674264722 Тімченко Андрій Петрович";"Вино";"sale"
"000000333";"ТОЛІМАН ПЛЮС ТОВ";2026-08-17;"РБН00008423";9.00;"м. Харків, вул. Плиткова, буд. 12";"000001081";"46213";"Вино Ігристе CAVA Los Monteros Rosado Brut (рожеве, сухе) 0,75л";12.00;260.40;3124.80;"0674264722 Тімченко Андрій Петрович";"Вино";"sale"
"000000333";"ТОЛІМАН ПЛЮС ТОВ";2026-08-17;"РБН00008423";10.00;"м. Харків, вул. Плиткова, буд. 12";"000001333";"49065";"Вино Fattoria Viticcio CHIANTI CLASSICO Riserva 2019 (ч,сух) 0,75л";12.00;642.00;7704.00;"0674264722 Тімченко Андрій Петрович";"Вино";"sale"
"000000333";"ТОЛІМАН ПЛЮС ТОВ";2026-08-17;"РБН00008424";6.00;"м.Луцьк, вул. Карбишева, 1";"000001081";"46213";"Вино Ігристе CAVA Los Monteros Rosado Brut (рожеве, сухе) 0,75л";6.00;260.40;1562.40;"Чуйкін Сергій 095 524 50 01, 067 934 76 96";"Вино";"sale"
"000000333";"ТОЛІМАН ПЛЮС ТОВ";2026-08-17;"РБН00008424";7.00;"м.Луцьк, вул. Карбишева, 1";"000001265";"48555";"Вино BORGHESIA CHIANTI DOCG (черв.сухе) 0,75л";12.00;196.20;2354.40;"Чуйкін Сергій 095 524 50 01, 067 934 76 96";"Вино";"sale"
"000000333";"ТОЛІМАН ПЛЮС ТОВ";2026-08-17;"РБН00008424";5.00;"м.Луцьк, вул. Карбишева, 1";"000000084";"22719";"Вино Ігристе Cavalli Neri Bianco Spumante Brut 0,75л";6.00;180.00;1080.00;"Чуйкін Сергій 095 524 50 01, 067 934 76 96";"Вино";"sale"
"000000333";"ТОЛІМАН ПЛЮС ТОВ";2026-08-17;"РБН00008424";1.00;"м.Луцьк, вул. Карбишева, 1";"000000031";"36401";"Вино Cavalli Neri Rosso Italiano Semi-Dolce (черв.пол/сол) 0,75л";6.00;124.20;745.20;"Чуйкін Сергій 095 524 50 01, 067 934 76 96";"Вино";"sale"
"000000333";"ТОЛІМАН ПЛЮС ТОВ";2026-08-17;"РБН00008424";2.00;"м.Луцьк, вул. Карбишева, 1";"000000083";"24623";"Вино Ігристе Castelbprgo Lambrusco Dell'enilia (біл. нап./сол.) 0,75л";24.00;136.20;3268.80;"Чуйкін Сергій 095 524 50 01, 067 934 76 96";"Вино";"sale"
"000000333";"ТОЛІМАН ПЛЮС ТОВ";2026-08-17;"РБН00008424";8.00;"м.Луцьк, вул. Карбишева, 1";"000000646";"45151";"Вино Vegan-friendly FERMO Bianco white still (безалк.біл.сухе) 0,75л";6.00;171.00;1026.00;"Чуйкін Сергій 095 524 50 01, 067 934 76 96";"Вино";"sale"
"000000333";"ТОЛІМАН ПЛЮС ТОВ";2026-08-17;"РБН00008424";4.00;"м.Луцьк, вул. Карбишева, 1";"000000349";"34185";"Вино Ігристе SL Malvasia IGT Emilia Spumante Dolce 0,75л";12.00;197.04;2364.48;"Чуйкін Сергій 095 524 50 01, 067 934 76 96";"Вино";"sale"
"000000333";"ТОЛІМАН ПЛЮС ТОВ";2026-08-17;"РБН00008424";3.00;"м.Луцьк, вул. Карбишева, 1";"000000054";"23761";"Напій Fragolino ігр. на основі вина біле 0,75л";18.00;130.80;2354.40;"Чуйкін Сергій 095 524 50 01, 067 934 76 96";"Вино";"sale"
"000000110";"ГЛУСКО РІТЕЙЛ ТОВ";2026-08-17;"РБН00008418";4.00;"ЗАПОРIЗЬКА ОБЛ., М. ЗАПОРІЖЖЯ ВОЗНЕСЕНIВСЬКИЙ Р-Н, вул. Перемоги, 74А";"000000630";"41295";"AUX кабель прямий. CJJ1-02BK";2.00;110.58;221.16;"Сільванович Олена Олександрівна 066-207-16-80";"Китай";"sale"
"000000110";"ГЛУСКО РІТЕЙЛ ТОВ";2026-08-17;"РБН00008418";9.00;"ЗАПОРIЗЬКА ОБЛ., М. ЗАПОРІЖЖЯ ВОЗНЕСЕНIВСЬКИЙ Р-Н, вул. Перемоги, 74А";"000001156";"46853";"Іграшка дитяча антистрес Печиво 24102314";1.00;68.58;68.58;"Сільванович Олена Олександрівна 066-207-16-80";"Китай";"sale"
"000000110";"ГЛУСКО РІТЕЙЛ ТОВ";2026-08-17;"РБН00008418";7.00;"ЗАПОРIЗЬКА ОБЛ., М. ЗАПОРІЖЖЯ ВОЗНЕСЕНIВСЬКИЙ Р-Н, вул. Перемоги, 74А";"000001164";"46977";"Іграшка Пригоди Піратів LC2273";1.00;69.48;69.48;"Сільванович Олена Олександрівна 066-207-16-80";"Китай";"sale"
"000000110";"ГЛУСКО РІТЕЙЛ ТОВ";2026-08-17;"РБН00008418";8.00;"ЗАПОРIЗЬКА ОБЛ., М. ЗАПОРІЖЖЯ ВОЗНЕСЕНIВСЬКИЙ Р-Н, вул. Перемоги, 74А";"000001053";"46412";"Кабель Rem. Лайтінг 1мCUL1-03BK";1.00;114.24;114.24;"Сільванович Олена Олександрівна 066-207-16-80";"Китай";"sale"
"000000110";"ГЛУСКО РІТЕЙЛ ТОВ";2026-08-17;"РБН00008418";6.00;"ЗАПОРIЗЬКА ОБЛ., М. ЗАПОРІЖЖЯ ВОЗНЕСЕНIВСЬКИЙ Р-Н, вул. Перемоги, 74А";"000000834";"44159";"Іграшка антистрес Динозавр в яйці";1.00;62.40;62.40;"Сільванович Олена Олександрівна 066-207-16-80";"Китай";"sale"
"000000110";"ГЛУСКО РІТЕЙЛ ТОВ";2026-08-17;"РБН00008418";2.00;"ЗАПОРIЗЬКА ОБЛ., М. ЗАПОРІЖЖЯ ВОЗНЕСЕНIВСЬКИЙ Р-Н, вул. Перемоги, 74А";"000000905";"45033";"Пластина для магнітного тримача Remzona 2шт MSH-01";2.00;29.76;59.52;"Сільванович Олена Олександрівна 066-207-16-80";"Китай";"sale"
"000000110";"ГЛУСКО РІТЕЙЛ ТОВ";2026-08-17;"РБН00008418";3.00;"ЗАПОРIЗЬКА ОБЛ., М. ЗАПОРІЖЖЯ ВОЗНЕСЕНIВСЬКИЙ Р-Н, вул. Перемоги, 74А";"000000908";"45036";"Мережевий заряд пристрій Remzona Giwell Acey 30W CHAC-03WT";2.00;296.40;592.80;"Сільванович Олена Олександрівна 066-207-16-80";"Китай";"sale"
"000000110";"ГЛУСКО РІТЕЙЛ ТОВ";2026-08-17;"РБН00008418";5.00;"ЗАПОРIЗЬКА ОБЛ., М. ЗАПОРІЖЖЯ ВОЗНЕСЕНIВСЬКИЙ Р-Н, вул. Перемоги, 74А";"000000912";"45035";"Бездротова зарядка Remzona Airchar 20W Matt Black WCH-01BK";2.00;422.82;845.64;"Сільванович Олена Олександрівна 066-207-16-80";"Китай";"sale"
"000000110";"ГЛУСКО РІТЕЙЛ ТОВ";2026-08-17;"РБН00008418";1.00;"ЗАПОРIЗЬКА ОБЛ., М. ЗАПОРІЖЖЯ ВОЗНЕСЕНIВСЬКИЙ Р-Н, вул. Перемоги, 74А";"000000950";"45245";"Автом магн тримач для тел-ну Remzona PHM-08BK";2.00;253.56;507.12;"Сільванович Олена Олександрівна 066-207-16-80";"Китай";"sale"
"000000121";"УКPНAФТА ПАТ";2026-08-17;"РБН00008430";2.00;"Черкаська обл. м. Черкаси, вул. Благовісна, 1/4";"000001055";"46414";"Кабель Rem. USB-C (Type-C) 1мCUC1-03BK";3.00;125.70;377.10;"";"Китай";"sale"
"000000121";"УКPНAФТА ПАТ";2026-08-17;"РБН00008430";3.00;"Черкаська обл. м. Черкаси, вул. Благовісна, 1/4";"000001058";"46417";"Кабель Rem. USB-C (Type-C) 2мCUC2-03BK";3.00;154.26;462.78;"";"Китай";"sale"
"000000121";"УКPНAФТА ПАТ";2026-08-17;"РБН00008430";4.00;"Черкаська обл. м. Черкаси, вул. Благовісна, 1/4";"000001400";"49959";"Брелок з іграшкою 7см MYK026";5.00;122.22;611.10;"";"Китай";"sale"
"000000121";"УКPНAФТА ПАТ";2026-08-17;"РБН00008430";1.00;"Черкаська обл. м. Черкаси, вул. Благовісна, 1/4";"000000598";"41264";"Автомобільний магнітний тримач для телефону PHM-04BK";3.00;160.02;480.06;"";"Китай";"sale"
"000000121";"УКPНAФТА ПАТ";2026-08-17;"РБН00008430";9.00;"Черкаська обл. м. Черкаси, вул. Благовісна, 1/4";"000001449";"50008";"Брелок з іграшкою 8см MYK075";5.00;133.14;665.70;"";"Китай";"sale"
"000000121";"УКPНAФТА ПАТ";2026-08-17;"РБН00008430";5.00;"Черкаська обл. м. Черкаси, вул. Благовісна, 1/4";"000001405";"49964";"Брелок з іграшкою 8см MYK031";5.00;110.88;554.40;"";"Китай";"sale"
"000000121";"УКPНAФТА ПАТ";2026-08-17;"РБН00008430";6.00;"Черкаська обл. м. Черкаси, вул. Благовісна, 1/4";"000001436";"49995";"Брелок з іграшкою 12см MYK062";5.00;210.72;1053.60;"";"Китай";"sale"
"000000121";"УКPНAФТА ПАТ";2026-08-17;"РБН00008430";7.00;"Черкаська обл. м. Черкаси, вул. Благовісна, 1/4";"000001440";"49999";"Брелок з іграшкою 14см MYK066";5.00;182.82;914.10;"";"Китай";"sale"
"000000121";"УКPНAФТА ПАТ";2026-08-17;"РБН00008430";8.00;"Черкаська обл. м. Черкаси, вул. Благовісна, 1/4";"000001444";"50003";"Брелок з іграшкою 5см MYK070";5.00;210.72;1053.60;"";"Китай";"sale"
"000000121";"УКPНAФТА ПАТ";2026-08-17;"РБН00008430";10.00;"Черкаська обл. м. Черкаси, вул. Благовісна, 1/4";"000001448";"50007";"Брелок з іграшкою 9см MYK074";5.00;177.60;888.00;"";"Китай";"sale"
"000000638";"АМІК УКРАЇНА ПІІ";2026-08-17;"РБН00008422";3.00;"Чернігівська обл., Ніжинський р-н, с. Григоро-Iванiвка вул. Колгоспна, 14";"000001156";"46853";"Іграшка дитяча антистрес Печиво 24102314";16.00;68.58;1097.28;"Андрусенко Світлана Володимирівна 068 237 28 06 050-4123172";"Китай";"sale"
"000000638";"АМІК УКРАЇНА ПІІ";2026-08-17;"РБН00008422";1.00;"Чернігівська обл., Ніжинський р-н, с. Григоро-Iванiвка вул. Колгоспна, 14";"000000975";"45741";"Іграшка антистрес Каченя Блискуче ATY111";12.00;52.50;630.00;"Андрусенко Світлана Володимирівна 068 237 28 06 050-4123172";"Китай";"sale"
"000000638";"АМІК УКРАЇНА ПІІ";2026-08-17;"РБН00008422";2.00;"Чернігівська обл., Ніжинський р-н, с. Григоро-Iванiвка вул. Колгоспна, 14";"000000831";"44155";"Іграшка антистрес Мишиня в сирі ТМ Тискуни ATY002";12.00;51.78;621.36;"Андрусенко Світлана Володимирівна 068 237 28 06 050-4123172";"Китай";"sale"
"000000638";"АМІК УКРАЇНА ПІІ";2026-08-17;"РБН00008422";4.00;"Чернігівська обл., Ніжинський р-н, с. Григоро-Iванiвка вул. Колгоспна, 14";"000001002";"45706";"Щітка склоочисника безкаркасна 19 GoodView";2.00;114.96;229.92;"Андрусенко Світлана Володимирівна 068 237 28 06 050-4123172";"Китай";"sale"
"000000121";"УКPНAФТА ПАТ";2026-08-17;"РБН00008428";1.00;"Закарпатська обл., м. Виноградів, вул. І.Франка";"000000918";"45023";"Автомобільний зарядний пристрій Remzona Treneas 30W CCAA-06BK";5.00;256.80;1284.00;"";"Китай";"sale"
"000000121";"УКPНAФТА ПАТ";2026-08-17;"РБН00008428";2.00;"Закарпатська обл., м. Виноградів, вул. І.Франка";"000001053";"46412";"Кабель Rem. Лайтінг 1мCUL1-03BK";10.00;114.24;1142.40;"";"Китай";"sale"
"000000121";"УКPНAФТА ПАТ";2026-08-17;"РБН00008420";3.00;"Миколаївська область, м. Миколаїв, Інгульський район, пр-т Богоявленський, буд. 21-А";"000001053";"46412";"Кабель Rem. Лайтінг 1мCUL1-03BK";2.00;114.24;228.48;"Шмаленко Ігор Олександрович 067-214-59-21 + 20шт стоп-локи";"Китай";"sale"
"000000121";"УКPНAФТА ПАТ";2026-08-17;"РБН00008420";2.00;"Миколаївська область, м. Миколаїв, Інгульський район, пр-т Богоявленський, буд. 21-А";"000001058";"46417";"Кабель Rem. USB-C (Type-C) 2мCUC2-03BK";2.00;154.26;308.52;"Шмаленко Ігор Олександрович 067-214-59-21 + 20шт стоп-локи";"Китай";"sale"
"000000121";"УКPНAФТА ПАТ";2026-08-17;"РБН00008420";4.00;"Миколаївська область, м. Миколаїв, Інгульський район, пр-т Богоявленський, буд. 21-А";"000000994";"45752";"Мережевий зарядний пристрій Giwell One 18W CHA-02WT";2.00;269.04;538.08;"Шмаленко Ігор Олександрович 067-214-59-21 + 20шт стоп-локи";"Китай";"sale"
"000000121";"УКPНAФТА ПАТ";2026-08-17;"РБН00008420";1.00;"Миколаївська область, м. Миколаїв, Інгульський район, пр-т Богоявленський, буд. 21-А";"000000629";"41294";"AUX кабель боковий з пружиною. CJJ1-01BK";2.00;90.84;181.68;"Шмаленко Ігор Олександрович 067-214-59-21 + 20шт стоп-локи";"Китай";"sale"
"000000121";"УКPНAФТА ПАТ";2026-08-17;"РБН00008419";3.00;"Миколаївська область, Миколаївський район, селище Каравелове, вул. Дорожна, буд. 3-А";"000000994";"45752";"Мережевий зарядний пристрій Giwell One 18W CHA-02WT";2.00;269.04;538.08;"Шмаленко Ігор Олександрович 067-214-59-21 + 20шт стоп-локи";"Китай";"sale"
"000000121";"УКPНAФТА ПАТ";2026-08-17;"РБН00008419";2.00;"Миколаївська область, Миколаївський район, селище Каравелове, вул. Дорожна, буд. 3-А";"000001053";"46412";"Кабель Rem. Лайтінг 1мCUL1-03BK";2.00;114.24;228.48;"Шмаленко Ігор Олександрович 067-214-59-21 + 20шт стоп-локи";"Китай";"sale"
"000000121";"УКPНAФТА ПАТ";2026-08-17;"РБН00008419";1.00;"Миколаївська область, Миколаївський район, селище Каравелове, вул. Дорожна, буд. 3-А";"000001058";"46417";"Кабель Rem. USB-C (Type-C) 2мCUC2-03BK";2.00;154.26;308.52;"Шмаленко Ігор Олександрович 067-214-59-21 + 20шт стоп-локи";"Китай";"sale"
"000000121";"УКPНAФТА ПАТ";2026-08-17;"РБН00008431";4.00;"Харківська область, м. Харків, Новобаварський район, вул. Дудинської, буд. 42";"000001055";"46414";"Кабель Rem. USB-C (Type-C) 1мCUC1-03BK";2.00;125.70;251.40;"Логачова Оксана Романівна 067-322-99-92";"Китай";"sale"
"000000121";"УКPНAФТА ПАТ";2026-08-17;"РБН00008431";6.00;"Харківська область, м. Харків, Новобаварський район, вул. Дудинської, буд. 42";"000001059";"46418";"Кабель Rem. з кон. USB-C (Type-C) 100W 1.2м CCC1-04BK";2.00;169.26;338.52;"Логачова Оксана Романівна 067-322-99-92";"Китай";"sale"
"000000121";"УКPНAФТА ПАТ";2026-08-17;"РБН00008431";5.00;"Харківська область, м. Харків, Новобаварський район, вул. Дудинської, буд. 42";"000001053";"46412";"Кабель Rem. Лайтінг 1мCUL1-03BK";2.00;114.24;228.48;"Логачова Оксана Романівна 067-322-99-92";"Китай";"sale"
"000000121";"УКPНAФТА ПАТ";2026-08-17;"РБН00008431";7.00;"Харківська область, м. Харків, Новобаварський район, вул. Дудинської, буд. 42";"000000920";"45024";"Автомобільний зарядний пристрій Remzona Treneas Acey 30W CCAC-02BK";2.00;270.06;540.12;"Логачова Оксана Романівна 067-322-99-92";"Китай";"sale"
"000000121";"УКPНAФТА ПАТ";2026-08-17;"РБН00008431";8.00;"Харківська область, м. Харків, Новобаварський район, вул. Дудинської, буд. 42";"000000918";"45023";"Автомобільний зарядний пристрій Remzona Treneas 30W CCAA-06BK";2.00;256.80;513.60;"Логачова Оксана Романівна 067-322-99-92";"Китай";"sale"
"000000121";"УКPНAФТА ПАТ";2026-08-17;"РБН00008431";9.00;"Харківська область, м. Харків, Новобаварський район, вул. Дудинської, буд. 42";"000000912";"45035";"Бездротова зарядка Remzona Airchar 20W Matt Black WCH-01BK";2.00;422.82;845.64;"Логачова Оксана Романівна 067-322-99-92";"Китай";"sale"
"000000121";"УКPНAФТА ПАТ";2026-08-17;"РБН00008431";2.00;"Харківська область, м. Харків, Новобаварський район, вул. Дудинської, буд. 42";"000000630";"41295";"AUX кабель прямий. CJJ1-02BK";3.00;110.58;331.74;"Логачова Оксана Романівна 067-322-99-92";"Китай";"sale"
"000000121";"УКPНAФТА ПАТ";2026-08-17;"РБН00008431";3.00;"Харківська область, м. Харків, Новобаварський район, вул. Дудинської, буд. 42";"000000620";"41285";"Кабель MicroUSB для зарядки та синхронізації пристроїв.CUM1-01BL";3.00;115.62;346.86;"Логачова Оксана Романівна 067-322-99-92";"Китай";"sale"
"000000121";"УКPНAФТА ПАТ";2026-08-17;"РБН00008431";1.00;"Харківська область, м. Харків, Новобаварський район, вул. Дудинської, буд. 42";"000000629";"41294";"AUX кабель боковий з пружиною. CJJ1-01BK";2.00;90.84;181.68;"Логачова Оксана Романівна 067-322-99-92";"Китай";"sale"
"000000121";"УКPНAФТА ПАТ";2026-08-17;"РБН00008431";10.00;"Харківська область, м. Харків, Новобаварський район, вул. Дудинської, буд. 42";"000000233";"30390";"Ліхтар портативний, світлодіодний в комплекті з елем. жив. ТО2";2.00;112.68;225.36;"Логачова Оксана Романівна 067-322-99-92";"Китай";"sale"
"000000212";"ПП  ""УКРПАЛЕТСИСТЕМ""";2026-08-17;"РБН00008434";1.00;"Львівська обл,с.Підберезці,вул.Галицька,15";"000000632";"41297";"AUX кабель з Lightning конектором. CJL1-01WT";4.00;211.68;846.72;"Климків Ганна Михайлівна 38096-228-51-91";"Китай";"sale"
"000000212";"ПП  ""УКРПАЛЕТСИСТЕМ""";2026-08-17;"РБН00008434";11.00;"Львівська обл,с.Підберезці,вул.Галицька,15";"000000906";"45029";"Мережевий заряд. пристрій Remzona Giwell Acey 33W CHAC-02BK";6.00;437.94;2627.64;"Климків Ганна Михайлівна 38096-228-51-91";"Китай";"sale"
"000000212";"ПП  ""УКРПАЛЕТСИСТЕМ""";2026-08-17;"РБН00008434";9.00;"Львівська обл,с.Підберезці,вул.Галицька,15";"000000920";"45024";"Автомобільний зарядний пристрій Remzona Treneas Acey 30W CCAC-02BK";4.00;270.06;1080.24;"Климків Ганна Михайлівна 38096-228-51-91";"Китай";"sale"
"000000212";"ПП  ""УКРПАЛЕТСИСТЕМ""";2026-08-17;"РБН00008434";2.00;"Львівська обл,с.Підберезці,вул.Галицька,15";"000000987";"45745";"Автомобільний тримач для телефону PH-08BK";4.00;253.56;1014.24;"Климків Ганна Михайлівна 38096-228-51-91";"Китай";"sale"
"000000212";"ПП  ""УКРПАЛЕТСИСТЕМ""";2026-08-17;"РБН00008434";3.00;"Львівська обл,с.Підберезці,вул.Галицька,15";"000001039";"46402";"AUX  кабель Remzona прямий CJJ1-02BL";6.00;110.58;663.48;"Климків Ганна Михайлівна 38096-228-51-91";"Китай";"sale"
"000000212";"ПП  ""УКРПАЛЕТСИСТЕМ""";2026-08-17;"РБН00008434";4.00;"Львівська обл,с.Підберезці,вул.Галицька,15";"000001053";"46412";"Кабель Rem. Лайтінг 1мCUL1-03BK";6.00;114.24;685.44;"Климків Ганна Михайлівна 38096-228-51-91";"Китай";"sale"
"000000212";"ПП  ""УКРПАЛЕТСИСТЕМ""";2026-08-17;"РБН00008434";8.00;"Львівська обл,с.Підберезці,вул.Галицька,15";"000000995";"45753";"Мережевий Зарядний пристрій Rem GiwellTwin 36W CHAA-03WT";6.00;315.78;1894.68;"Климків Ганна Михайлівна 38096-228-51-91";"Китай";"sale"
"000000212";"ПП  ""УКРПАЛЕТСИСТЕМ""";2026-08-17;"РБН00008434";6.00;"Львівська обл,с.Підберезці,вул.Галицька,15";"000001070";"46429";"Автомобільний тримач для телефону  Remzona PH-09BK";4.00;146.58;586.32;"Климків Ганна Михайлівна 38096-228-51-91";"Китай";"sale"
"000000212";"ПП  ""УКРПАЛЕТСИСТЕМ""";2026-08-17;"РБН00008434";7.00;"Львівська обл,с.Підберезці,вул.Галицька,15";"000001059";"46418";"Кабель Rem. з кон. USB-C (Type-C) 100W 1.2м CCC1-04BK";6.00;169.26;1015.56;"Климків Ганна Михайлівна 38096-228-51-91";"Китай";"sale"
"000000212";"ПП  ""УКРПАЛЕТСИСТЕМ""";2026-08-17;"РБН00008434";5.00;"Львівська обл,с.Підберезці,вул.Галицька,15";"000001055";"46414";"Кабель Rem. USB-C (Type-C) 1мCUC1-03BK";6.00;125.70;754.20;"Климків Ганна Михайлівна 38096-228-51-91";"Китай";"sale"
"000000212";"ПП  ""УКРПАЛЕТСИСТЕМ""";2026-08-17;"РБН00008434";10.00;"Львівська обл,с.Підберезці,вул.Галицька,15";"000001388";"49496";"Автомобільний зарядний пристрій Remzona Treneas 15W CCAA-05BL";6.00;162.96;977.76;"Климків Ганна Михайлівна 38096-228-51-91";"Китай";"sale"
"000000121";"УКPНAФТА ПАТ";2026-08-17;"РБН00008444";4.00;"Рівненська обл., Сарненський район, м. Дубровиця, вул. Воробинська, буд. 185 б";"000001306";"48856";"Мережевий зарядний пристрій Giwell Duo C4 GaN 45W CHCC-04BK";5.00;550.02;2750.10;"Кирикович Тетяна Володимирівна (067)-965-15-95";"Китай";"sale"
"000000121";"УКPНAФТА ПАТ";2026-08-17;"РБН00008444";3.00;"Рівненська обл., Сарненський район, м. Дубровиця, вул. Воробинська, буд. 185 б";"000001304";"48854";"Мережевий зарядний пристрій Giwell One C4 GaN 45W CHC-04BK";5.00;498.84;2494.20;"Кирикович Тетяна Володимирівна (067)-965-15-95";"Китай";"sale"
"000000121";"УКPНAФТА ПАТ";2026-08-17;"РБН00008444";1.00;"Рівненська обл., Сарненський район, м. Дубровиця, вул. Воробинська, буд. 185 б";"000000990";"45748";"Пластина-кільце для магнітного тримача Remzona MSH-02";10.00;47.64;476.40;"Кирикович Тетяна Володимирівна (067)-965-15-95";"Китай";"sale"
"000000121";"УКPНAФТА ПАТ";2026-08-17;"РБН00008444";2.00;"Рівненська обл., Сарненський район, м. Дубровиця, вул. Воробинська, буд. 185 б";"000000991";"45749";"Кільце-тримач для телефона Remzona MSH-03";5.00;46.26;231.30;"Кирикович Тетяна Володимирівна (067)-965-15-95";"Китай";"sale"
"000000121";"УКPНAФТА ПАТ";2026-08-17;"РБН00008450";1.00;"Рівненська обл., Корецький р-н., м. Корець, вул. Київська, буд. 150-А";"000000917";"45022";"Автомобільний зарядний пристрій Remzona Treneas 15W CCAA-05BК";5.00;162.96;814.80;"";"Китай";"sale"
"000000121";"УКPНAФТА ПАТ";2026-08-17;"РБН00008450";3.00;"Рівненська обл., Корецький р-н., м. Корець, вул. Київська, буд. 150-А";"000000918";"45023";"Автомобільний зарядний пристрій Remzona Treneas 30W CCAA-06BK";5.00;256.80;1284.00;"";"Китай";"sale"
"000000121";"УКPНAФТА ПАТ";2026-08-17;"РБН00008450";5.00;"Рівненська обл., Корецький р-н., м. Корець, вул. Київська, буд. 150-А";"000001385";"49499";"Автомобільний зарядний пристрій Remzona Treneas Acey 30W CCAC-02BL ";5.00;270.06;1350.30;"";"Китай";"sale"
"000000121";"УКPНAФТА ПАТ";2026-08-17;"РБН00008450";4.00;"Рівненська обл., Корецький р-н., м. Корець, вул. Київська, буд. 150-А";"000001388";"49496";"Автомобільний зарядний пристрій Remzona Treneas 15W CCAA-05BL";5.00;162.96;814.80;"";"Китай";"sale"
"000000121";"УКPНAФТА ПАТ";2026-08-17;"РБН00008450";2.00;"Рівненська обл., Корецький р-н., м. Корець, вул. Київська, буд. 150-А";"000001070";"46429";"Автомобільний тримач для телефону  Remzona PH-09BK";5.00;182.16;910.80;"";"Китай";"sale"
"000000121";"УКPНAФТА ПАТ";2026-08-17;"РБН00008438";1.00;"Хмельницька область, Хмельницький район, село Копистин, автодорога М12 Стрий-Тернопіль-Кіровоград-Знам'янка (253 км + 175 м ліворуч)";"000001400";"49959";"Брелок з іграшкою 7см MYK026";4.00;122.22;488.88;"П'янковський Віктор Владиславович 067-503-31-67 +шоубокс";"Китай";"sale"
"000000121";"УКPНAФТА ПАТ";2026-08-17;"РБН00008438";11.00;"Хмельницька область, Хмельницький район, село Копистин, автодорога М12 Стрий-Тернопіль-Кіровоград-Знам'янка (253 км + 175 м ліворуч)";"000001306";"48856";"Мережевий зарядний пристрій Giwell Duo C4 GaN 45W CHCC-04BK";4.00;550.02;2200.08;"П'янковський Віктор Владиславович 067-503-31-67 +шоубокс";"Китай";"sale"
"000000121";"УКPНAФТА ПАТ";2026-08-17;"РБН00008438";10.00;"Хмельницька область, Хмельницький район, село Копистин, автодорога М12 Стрий-Тернопіль-Кіровоград-Знам'янка (253 км + 175 м ліворуч)";"000001304";"48854";"Мережевий зарядний пристрій Giwell One C4 GaN 45W CHC-04BK";4.00;498.84;1995.36;"П'янковський Віктор Владиславович 067-503-31-67 +шоубокс";"Китай";"sale"
"000000121";"УКPНAФТА ПАТ";2026-08-17;"РБН00008438";17.00;"Хмельницька область, Хмельницький район, село Копистин, автодорога М12 Стрий-Тернопіль-Кіровоград-Знам'янка (253 км + 175 м ліворуч)";"000000831";"44155";"Іграшка антистрес Мишиня в сирі ТМ Тискуни ATY002";5.00;51.78;258.90;"П'янковський Віктор Владиславович 067-503-31-67 +шоубокс";"Китай";"sale"
"000000121";"УКPНAФТА ПАТ";2026-08-17;"РБН00008438";16.00;"Хмельницька область, Хмельницький район, село Копистин, автодорога М12 Стрий-Тернопіль-Кіровоград-Знам'янка (253 км + 175 м ліворуч)";"000000976";"45742";"Іграшка антистрес М'яч стрибунець  ATY112";5.00;57.18;285.90;"П'янковський Віктор Владиславович 067-503-31-67 +шоубокс";"Китай";"sale"
"000000121";"УКPНAФТА ПАТ";2026-08-17;"РБН00008438";14.00;"Хмельницька область, Хмельницький район, село Копистин, автодорога М12 Стрий-Тернопіль-Кіровоград-Знам'янка (253 км + 175 м ліворуч)";"000000989";"45747";"Іграшка  антистрес Яйце динозавра ТМ Тискуни ATY113";5.00;57.18;285.90;"П'янковський Віктор Владиславович 067-503-31-67 +шоубокс";"Китай";"sale"
"000000121";"УКPНAФТА ПАТ";2026-08-17;"РБН00008438";8.00;"Хмельницька область, Хмельницький район, село Копистин, автодорога М12 Стрий-Тернопіль-Кіровоград-Знам'янка (253 км + 175 м ліворуч)";"000000990";"45748";"Пластина-кільце для магнітного тримача Remzona MSH-02";5.00;47.64;238.20;"П'янковський Віктор Владиславович 067-503-31-67 +шоубокс";"Китай";"sale"
"000000121";"УКPНAФТА ПАТ";2026-08-17;"РБН00008438";9.00;"Хмельницька область, Хмельницький район, село Копистин, автодорога М12 Стрий-Тернопіль-Кіровоград-Знам'янка (253 км + 175 м ліворуч)";"000000991";"45749";"Кільце-тримач для телефона Remzona MSH-03";5.00;46.26;231.30;"П'янковський Віктор Владиславович 067-503-31-67 +шоубокс";"Китай";"sale"
"000000121";"УКPНAФТА ПАТ";2026-08-17;"РБН00008438";18.00;"Хмельницька область, Хмельницький район, село Копистин, автодорога М12 Стрий-Тернопіль-Кіровоград-Знам'янка (253 км + 175 м ліворуч)";"000000598";"41264";"Автомобільний магнітний тримач для телефону PHM-04BK";3.00;160.02;480.06;"П'янковський Віктор Владиславович 067-503-31-67 +шоубокс";"Китай";"sale"
"000000121";"УКPНAФТА ПАТ";2026-08-17;"РБН00008438";13.00;"Хмельницька область, Хмельницький район, село Копистин, автодорога М12 Стрий-Тернопіль-Кіровоград-Знам'янка (253 км + 175 м ліворуч)";"000001476";"50132";"Іграшка  антистрес Нейронні тваринки ТМ Тискуни ATY132";9.00;26.34;237.06;"П'янковський Віктор Владиславович 067-503-31-67 +шоубокс";"Китай";"sale"
"000000121";"УКPНAФТА ПАТ";2026-08-17;"РБН00008438";15.00;"Хмельницька область, Хмельницький район, село Копистин, автодорога М12 Стрий-Тернопіль-Кіровоград-Знам'янка (253 км + 175 м ліворуч)";"000001477";"50133";"Іграшка антистрес Котик Суізі ТМ Тискуни ATY133";5.00;127.44;637.20;"П'янковський Віктор Владиславович 067-503-31-67 +шоубокс";"Китай";"sale"
"000000121";"УКPНAФТА ПАТ";2026-08-17;"РБН00008438";12.00;"Хмельницька область, Хмельницький район, село Копистин, автодорога М12 Стрий-Тернопіль-Кіровоград-Знам'янка (253 км + 175 м ліворуч)";"000001490";"50313";"Іграшка  антистрес Кольорова кучка ТМ Тискуни  ATY143";12.00;61.26;735.12;"П'янковський Віктор Владиславович 067-503-31-67 +шоубокс";"Китай";"sale"
"000000121";"УКPНAФТА ПАТ";2026-08-17;"РБН00008438";7.00;"Хмельницька область, Хмельницький район, село Копистин, автодорога М12 Стрий-Тернопіль-Кіровоград-Знам'янка (253 км + 175 м ліворуч)";"000001448";"50007";"Брелок з іграшкою 9см MYK074";4.00;177.60;710.40;"П'янковський Віктор Владиславович 067-503-31-67 +шоубокс";"Китай";"sale"
"000000121";"УКPНAФТА ПАТ";2026-08-17;"РБН00008438";6.00;"Хмельницька область, Хмельницький район, село Копистин, автодорога М12 Стрий-Тернопіль-Кіровоград-Знам'янка (253 км + 175 м ліворуч)";"000001449";"50008";"Брелок з іграшкою 8см MYK075";4.00;133.14;532.56;"П'янковський Віктор Владиславович 067-503-31-67 +шоубокс";"Китай";"sale"
"000000121";"УКPНAФТА ПАТ";2026-08-17;"РБН00008438";4.00;"Хмельницька область, Хмельницький район, село Копистин, автодорога М12 Стрий-Тернопіль-Кіровоград-Знам'янка (253 км + 175 м ліворуч)";"000001440";"49999";"Брелок з іграшкою 14см MYK066";4.00;182.82;731.28;"П'янковський Віктор Владиславович 067-503-31-67 +шоубокс";"Китай";"sale"
"000000121";"УКPНAФТА ПАТ";2026-08-17;"РБН00008438";5.00;"Хмельницька область, Хмельницький район, село Копистин, автодорога М12 Стрий-Тернопіль-Кіровоград-Знам'янка (253 км + 175 м ліворуч)";"000001444";"50003";"Брелок з іграшкою 5см MYK070";4.00;210.72;842.88;"П'янковський Віктор Владиславович 067-503-31-67 +шоубокс";"Китай";"sale"
"000000121";"УКPНAФТА ПАТ";2026-08-17;"РБН00008438";2.00;"Хмельницька область, Хмельницький район, село Копистин, автодорога М12 Стрий-Тернопіль-Кіровоград-Знам'янка (253 км + 175 м ліворуч)";"000001405";"49964";"Брелок з іграшкою 8см MYK031";4.00;110.88;443.52;"П'янковський Віктор Владиславович 067-503-31-67 +шоубокс";"Китай";"sale"
"000000121";"УКPНAФТА ПАТ";2026-08-17;"РБН00008438";3.00;"Хмельницька область, Хмельницький район, село Копистин, автодорога М12 Стрий-Тернопіль-Кіровоград-Знам'янка (253 км + 175 м ліворуч)";"000001436";"49995";"Брелок з іграшкою 12см MYK062";4.00;210.72;842.88;"П'янковський Віктор Владиславович 067-503-31-67 +шоубокс";"Китай";"sale"
"000000530";"Лілія ППФ";2026-08-17;"РБН00008454";1.00;"Харківська обл., Чугуївський р-н, с. Коробочкине, землі Коробочкинської сільської ради,8 км + 200м траси Чугуїв - Мелове";"000000083";"24623";"Вино Ігристе Castelbprgo Lambrusco Dell'enilia (біл. нап./сол.) 0,75л";3.00;153.12;459.36;"";"Вино";"sale"
"000000121";"УКPНAФТА ПАТ";2026-08-17;"РБН00008445";6.00;"Хмельницька область, Хмельницький район, м. Хмельницький, вул. Гетьмана Мазепи, буд. 37";"000001490";"50313";"Іграшка  антистрес Кольорова кучка ТМ Тискуни  ATY143";12.00;61.26;735.12;"Якимчук Вероніка Євгенівна 067-547-70-06  + шоубокс";"Китай";"sale"
"000000121";"УКPНAФТА ПАТ";2026-08-17;"РБН00008445";5.00;"Хмельницька область, Хмельницький район, м. Хмельницький, вул. Гетьмана Мазепи, буд. 37";"000001477";"50133";"Іграшка антистрес Котик Суізі ТМ Тискуни ATY133";5.00;127.44;637.20;"Якимчук Вероніка Євгенівна 067-547-70-06  + шоубокс";"Китай";"sale"
"000000121";"УКPНAФТА ПАТ";2026-08-17;"РБН00008445";4.00;"Хмельницька область, Хмельницький район, м. Хмельницький, вул. Гетьмана Мазепи, буд. 37";"000001476";"50132";"Іграшка  антистрес Нейронні тваринки ТМ Тискуни ATY132";9.00;26.34;237.06;"Якимчук Вероніка Євгенівна 067-547-70-06  + шоубокс";"Китай";"sale"
"000000121";"УКPНAФТА ПАТ";2026-08-17;"РБН00008445";14.00;"Хмельницька область, Хмельницький район, м. Хмельницький, вул. Гетьмана Мазепи, буд. 37";"000001449";"50008";"Брелок з іграшкою 8см MYK075";5.00;133.14;665.70;"Якимчук Вероніка Євгенівна 067-547-70-06  + шоубокс";"Китай";"sale"
"000000121";"УКPНAФТА ПАТ";2026-08-17;"РБН00008445";11.00;"Хмельницька область, Хмельницький район, м. Хмельницький, вул. Гетьмана Мазепи, буд. 37";"000001405";"49964";"Брелок з іграшкою 8см MYK031";5.00;110.88;554.40;"Якимчук Вероніка Євгенівна 067-547-70-06  + шоубокс";"Китай";"sale"
"000000121";"УКPНAФТА ПАТ";2026-08-17;"РБН00008445";13.00;"Хмельницька область, Хмельницький район, м. Хмельницький, вул. Гетьмана Мазепи, буд. 37";"000001440";"49999";"Брелок з іграшкою 14см MYK066";5.00;182.82;914.10;"Якимчук Вероніка Євгенівна 067-547-70-06  + шоубокс";"Китай";"sale"
"000000121";"УКPНAФТА ПАТ";2026-08-17;"РБН00008445";12.00;"Хмельницька область, Хмельницький район, м. Хмельницький, вул. Гетьмана Мазепи, буд. 37";"000001436";"49995";"Брелок з іграшкою 12см MYK062";5.00;210.72;1053.60;"Якимчук Вероніка Євгенівна 067-547-70-06  + шоубокс";"Китай";"sale"
"000000121";"УКPНAФТА ПАТ";2026-08-17;"РБН00008445";16.00;"Хмельницька область, Хмельницький район, м. Хмельницький, вул. Гетьмана Мазепи, буд. 37";"000001444";"50003";"Брелок з іграшкою 5см MYK070";5.00;210.72;1053.60;"Якимчук Вероніка Євгенівна 067-547-70-06  + шоубокс";"Китай";"sale"
"000000121";"УКPНAФТА ПАТ";2026-08-17;"РБН00008445";15.00;"Хмельницька область, Хмельницький район, м. Хмельницький, вул. Гетьмана Мазепи, буд. 37";"000001448";"50007";"Брелок з іграшкою 9см MYK074";5.00;177.60;888.00;"Якимчук Вероніка Євгенівна 067-547-70-06  + шоубокс";"Китай";"sale"
"000000121";"УКPНAФТА ПАТ";2026-08-17;"РБН00008445";17.00;"Хмельницька область, Хмельницький район, м. Хмельницький, вул. Гетьмана Мазепи, буд. 37";"000000989";"45747";"Іграшка  антистрес Яйце динозавра ТМ Тискуни ATY113";5.00;57.18;285.90;"Якимчук Вероніка Євгенівна 067-547-70-06  + шоубокс";"Китай";"sale"
"000000121";"УКPНAФТА ПАТ";2026-08-17;"РБН00008445";8.00;"Хмельницька область, Хмельницький район, м. Хмельницький, вул. Гетьмана Мазепи, буд. 37";"000000991";"45749";"Кільце-тримач для телефона Remzona MSH-03";3.00;46.26;138.78;"Якимчук Вероніка Євгенівна 067-547-70-06  + шоубокс";"Китай";"sale"
"000000121";"УКPНAФТА ПАТ";2026-08-17;"РБН00008445";7.00;"Хмельницька область, Хмельницький район, м. Хмельницький, вул. Гетьмана Мазепи, буд. 37";"000000990";"45748";"Пластина-кільце для магнітного тримача Remzona MSH-02";3.00;47.64;142.92;"Якимчук Вероніка Євгенівна 067-547-70-06  + шоубокс";"Китай";"sale"
"000000121";"УКPНAФТА ПАТ";2026-08-17;"РБН00008445";3.00;"Хмельницька область, Хмельницький район, м. Хмельницький, вул. Гетьмана Мазепи, буд. 37";"000000976";"45742";"Іграшка антистрес М'яч стрибунець  ATY112";5.00;57.18;285.90;"Якимчук Вероніка Євгенівна 067-547-70-06  + шоубокс";"Китай";"sale"
"000000121";"УКPНAФТА ПАТ";2026-08-17;"РБН00008445";9.00;"Хмельницька область, Хмельницький район, м. Хмельницький, вул. Гетьмана Мазепи, буд. 37";"000000831";"44155";"Іграшка антистрес Мишиня в сирі ТМ Тискуни ATY002";5.00;51.78;258.90;"Якимчук Вероніка Євгенівна 067-547-70-06  + шоубокс";"Китай";"sale"
"000000121";"УКPНAФТА ПАТ";2026-08-17;"РБН00008445";10.00;"Хмельницька область, Хмельницький район, м. Хмельницький, вул. Гетьмана Мазепи, буд. 37";"000001400";"49959";"Брелок з іграшкою 7см MYK026";5.00;122.22;611.10;"Якимчук Вероніка Євгенівна 067-547-70-06  + шоубокс";"Китай";"sale"
"000000121";"УКPНAФТА ПАТ";2026-08-17;"РБН00008445";2.00;"Хмельницька область, Хмельницький район, м. Хмельницький, вул. Гетьмана Мазепи, буд. 37";"000001059";"46418";"Кабель Rem. з кон. USB-C (Type-C) 100W 1.2м CCC1-04BK";4.00;169.26;677.04;"Якимчук Вероніка Євгенівна 067-547-70-06  + шоубокс";"Китай";"sale"
"000000121";"УКPНAФТА ПАТ";2026-08-17;"РБН00008445";1.00;"Хмельницька область, Хмельницький район, м. Хмельницький, вул. Гетьмана Мазепи, буд. 37";"000001053";"46412";"Кабель Rem. Лайтінг 1мCUL1-03BK";2.00;114.24;228.48;"Якимчук Вероніка Євгенівна 067-547-70-06  + шоубокс";"Китай";"sale"
"000000121";"УКPНAФТА ПАТ";2026-08-18;"РБН00008451";2.00;"Рівненська обл., с.Користь, вул. Київська, 52";"000000917";"45022";"Автомобільний зарядний пристрій Remzona Treneas 15W CCAA-05BК";10.00;162.96;1629.60;"";"Китай";"sale"
"000000121";"УКPНAФТА ПАТ";2026-08-18;"РБН00008451";7.00;"Рівненська обл., с.Користь, вул. Київська, 52";"000000918";"45023";"Автомобільний зарядний пристрій Remzona Treneas 30W CCAA-06BK";10.00;256.80;2568.00;"";"Китай";"sale"
"000000121";"УКPНAФТА ПАТ";2026-08-18;"РБН00008451";8.00;"Рівненська обл., с.Користь, вул. Київська, 52";"000000960";"45257";"Мереж фільтр-подовжRemzonaPowerStrip4 16A 4000W 1.8м";5.00;959.22;4796.10;"";"Китай";"sale"
"000000121";"УКPНAФТА ПАТ";2026-08-18;"РБН00008451";3.00;"Рівненська обл., с.Користь, вул. Київська, 52";"000000987";"45745";"Автомобільний тримач для телефону PH-08BK";5.00;253.56;1267.80;"";"Китай";"sale"
"000000121";"УКPНAФТА ПАТ";2026-08-18;"РБН00008451";5.00;"Рівненська обл., с.Користь, вул. Київська, 52";"000001056";"46415";"Кабель Rem. Лайтінг 2м CUL2-03BK";10.00;140.70;1407.00;"";"Китай";"sale"
"000000121";"УКPНAФТА ПАТ";2026-08-18;"РБН00008451";4.00;"Рівненська обл., с.Користь, вул. Київська, 52";"000001058";"46417";"Кабель Rem. USB-C (Type-C) 2мCUC2-03BK";10.00;154.26;1542.60;"";"Китай";"sale"
"000000121";"УКPНAФТА ПАТ";2026-08-18;"РБН00008451";6.00;"Рівненська обл., с.Користь, вул. Київська, 52";"000001379";"49505";"Мережевий зарядний пристрій Rem GiwellOne С2 20W CHC-02BK";10.00;296.40;2964.00;"";"Китай";"sale"
"000000121";"УКPНAФТА ПАТ";2026-08-18;"РБН00008451";10.00;"Рівненська обл., с.Користь, вул. Київська, 52";"000001385";"49499";"Автомобільний зарядний пристрій Remzona Treneas Acey 30W CCAC-02BL ";10.00;270.06;2700.60;"";"Китай";"sale"
"000000121";"УКPНAФТА ПАТ";2026-08-18;"РБН00008451";9.00;"Рівненська обл., с.Користь, вул. Київська, 52";"000001388";"49496";"Автомобільний зарядний пристрій Remzona Treneas 15W CCAA-05BL";10.00;162.96;1629.60;"";"Китай";"sale"
"000000121";"УКPНAФТА ПАТ";2026-08-18;"РБН00008451";1.00;"Рівненська обл., с.Користь, вул. Київська, 52";"000000620";"41285";"Кабель MicroUSB для зарядки та синхронізації пристроїв.CUM1-01BL";10.00;115.62;1156.20;"";"Китай";"sale"
"000000541";"МАРШАЛ-1";2026-08-18;"РБН00008458";1.00;"Житомирська обл.,  Садківська с/рада, автошлях Київ-Чоп 156км+90м";"000001388";"49496";"Автомобільний зарядний пристрій Remzona Treneas 15W CCAA-05BL";2.00;162.96;325.92;"Колесник Інна 097-841-97-62¶ Житомирський р-н, с. Березівка, вул.Європейська 1";"Китай";"sale"
"000000541";"МАРШАЛ-1";2026-08-18;"РБН00008458";12.00;"Житомирська обл.,  Садківська с/рада, автошлях Київ-Чоп 156км+90м";"000001056";"46415";"Кабель Rem. Лайтінг 2м CUL2-03BK";2.00;140.70;281.40;"Колесник Інна 097-841-97-62¶ Житомирський р-н, с. Березівка, вул.Європейська 1";"Китай";"sale"
"000000541";"МАРШАЛ-1";2026-08-18;"РБН00008458";10.00;"Житомирська обл.,  Садківська с/рада, автошлях Київ-Чоп 156км+90м";"000001047";"46406";"Кабель Rem. Лайтінг 0.25м CUL025-03BK";2.00;91.62;183.24;"Колесник Інна 097-841-97-62¶ Житомирський р-н, с. Березівка, вул.Європейська 1";"Китай";"sale"
"000000541";"МАРШАЛ-1";2026-08-18;"РБН00008458";6.00;"Житомирська обл.,  Садківська с/рада, автошлях Київ-Чоп 156км+90м";"000001271";"40164";"Іграшка антистрес Каченя ТМ Тискуни ATY012";12.00;51.30;615.60;"Колесник Інна 097-841-97-62¶ Житомирський р-н, с. Березівка, вул.Європейська 1";"Китай";"sale"
"000000541";"МАРШАЛ-1";2026-08-18;"РБН00008458";4.00;"Житомирська обл.,  Садківська с/рада, автошлях Київ-Чоп 156км+90м";"000000923";"45027";"Автомобільний зарядний пристрій Remzona Treneas Acey 95W CCAC-05BK";2.00;384.54;769.08;"Колесник Інна 097-841-97-62¶ Житомирський р-н, с. Березівка, вул.Європейська 1";"Китай";"sale"
"000000541";"МАРШАЛ-1";2026-08-18;"РБН00008458";2.00;"Житомирська обл.,  Садківська с/рада, автошлях Київ-Чоп 156км+90м";"000000920";"45024";"Автомобільний зарядний пристрій Remzona Treneas Acey 30W CCAC-02BK";2.00;270.06;540.12;"Колесник Інна 097-841-97-62¶ Житомирський р-н, с. Березівка, вул.Європейська 1";"Китай";"sale"
"000000541";"МАРШАЛ-1";2026-08-18;"РБН00008458";3.00;"Житомирська обл.,  Садківська с/рада, автошлях Київ-Чоп 156км+90м";"000000921";"45025";"Автомобільний зарядний пристрій Remzona Treneas Acey 45W CCAC-03BK";2.00;310.74;621.48;"Колесник Інна 097-841-97-62¶ Житомирський р-н, с. Березівка, вул.Європейська 1";"Китай";"sale"
"000000541";"МАРШАЛ-1";2026-08-18;"РБН00008458";5.00;"Житомирська обл.,  Садківська с/рада, автошлях Київ-Чоп 156км+90м";"000000994";"45752";"Мережевий зарядний пристрій Giwell One 18W CHA-02WT";2.00;269.04;538.08;"Колесник Інна 097-841-97-62¶ Житомирський р-н, с. Березівка, вул.Європейська 1";"Китай";"sale"
"000000541";"МАРШАЛ-1";2026-08-18;"РБН00008458";7.00;"Житомирська обл.,  Садківська с/рада, автошлях Київ-Чоп 156км+90м";"000001051";"46410";"Кабель Rem. MicroUSB 0.5мCUM05-03BK";2.00;89.04;178.08;"Колесник Інна 097-841-97-62¶ Житомирський р-н, с. Березівка, вул.Європейська 1";"Китай";"sale"
"000000541";"МАРШАЛ-1";2026-08-18;"РБН00008458";8.00;"Житомирська обл.,  Садківська с/рада, автошлях Київ-Чоп 156км+90м";"000001052";"46411";"Кабель Rem. USB-C (Type-C) 0.5м CUC05-03BK";2.00;111.42;222.84;"Колесник Інна 097-841-97-62¶ Житомирський р-н, с. Березівка, вул.Європейська 1";"Китай";"sale"
"000000541";"МАРШАЛ-1";2026-08-18;"РБН00008458";11.00;"Житомирська обл.,  Садківська с/рада, автошлях Київ-Чоп 156км+90м";"000001053";"46412";"Кабель Rem. Лайтінг 1мCUL1-03BK";2.00;114.24;228.48;"Колесник Інна 097-841-97-62¶ Житомирський р-н, с. Березівка, вул.Європейська 1";"Китай";"sale"
"000000541";"МАРШАЛ-1";2026-08-18;"РБН00008458";9.00;"Житомирська обл.,  Садківська с/рада, автошлях Київ-Чоп 156км+90м";"000001055";"46414";"Кабель Rem. USB-C (Type-C) 1мCUC1-03BK";2.00;125.70;251.40;"Колесник Інна 097-841-97-62¶ Житомирський р-н, с. Березівка, вул.Європейська 1";"Китай";"sale"
"000000121";"УКPНAФТА ПАТ";2026-08-18;"РБН00008453";3.00;"Волинська обл., Камінь-Каширський р-н, м. Камінь-Каширський, вул. Ковельська, 99-Б";"000000834";"44159";"Іграшка антистрес Динозавр в яйці";2.00;62.40;124.80;"Мартинюк Іван 066-149-07-60";"Китай";"sale"
"000000121";"УКPНAФТА ПАТ";2026-08-18;"РБН00008453";2.00;"Волинська обл., Камінь-Каширський р-н, м. Камінь-Каширський, вул. Ковельська, 99-Б";"000001271";"40164";"Іграшка антистрес Каченя ТМ Тискуни ATY012";4.00;51.30;205.20;"Мартинюк Іван 066-149-07-60";"Китай";"sale"
"000000121";"УКPНAФТА ПАТ";2026-08-18;"РБН00008453";4.00;"Волинська обл., Камінь-Каширський р-н, м. Камінь-Каширський, вул. Ковельська, 99-Б";"000001098";"46568";"Автомобільний тримач для телефону Remzona PHM-14BK";2.00;269.88;539.76;"Мартинюк Іван 066-149-07-60";"Китай";"sale"
"000000121";"УКPНAФТА ПАТ";2026-08-18;"РБН00008453";1.00;"Волинська обл., Камінь-Каширський р-н, м. Камінь-Каширський, вул. Ковельська, 99-Б";"000000598";"41264";"Автомобільний магнітний тримач для телефону PHM-04BK";2.00;160.02;320.04;"Мартинюк Іван 066-149-07-60";"Китай";"sale"
"000000121";"УКPНAФТА ПАТ";2026-08-18;"РБН00008466";9.00;"Черкаська область, Уманський район, село Дмитрушки, автодорога Київ-Одеса, 200 км + 850 м";"000001405";"49964";"Брелок з іграшкою 8см MYK031";5.00;110.88;554.40;"Калієвський Євгеній Іванович 067-322-99-45";"Китай";"sale"
"000000121";"УКPНAФТА ПАТ";2026-08-18;"РБН00008466";10.00;"Черкаська область, Уманський район, село Дмитрушки, автодорога Київ-Одеса, 200 км + 850 м";"000001476";"50132";"Іграшка  антистрес Нейронні тваринки ТМ Тискуни ATY132";9.00;26.34;237.06;"Калієвський Євгеній Іванович 067-322-99-45";"Китай";"sale"
"000000121";"УКPНAФТА ПАТ";2026-08-18;"РБН00008466";5.00;"Черкаська область, Уманський район, село Дмитрушки, автодорога Київ-Одеса, 200 км + 850 м";"000001156";"46853";"Іграшка дитяча антистрес Печиво 24102314";5.00;68.58;342.90;"Калієвський Євгеній Іванович 067-322-99-45";"Китай";"sale"
"000000121";"УКPНAФТА ПАТ";2026-08-18;"РБН00008466";1.00;"Черкаська область, Уманський район, село Дмитрушки, автодорога Київ-Одеса, 200 км + 850 м";"000001271";"40164";"Іграшка антистрес Каченя ТМ Тискуни ATY012";5.00;51.30;256.50;"Калієвський Євгеній Іванович 067-322-99-45";"Китай";"sale"
"000000121";"УКPНAФТА ПАТ";2026-08-18;"РБН00008466";7.00;"Черкаська область, Уманський район, село Дмитрушки, автодорога Київ-Одеса, 200 км + 850 м";"000001178";"47198";"Іграшка дитяча антистрес Кошеня  ATY125";3.00;99.36;298.08;"Калієвський Євгеній Іванович 067-322-99-45";"Китай";"sale"
"000000121";"УКPНAФТА ПАТ";2026-08-18;"РБН00008466";8.00;"Черкаська область, Уманський район, село Дмитрушки, автодорога Київ-Одеса, 200 км + 850 м";"000001047";"46406";"Кабель Rem. Лайтінг 0.25м CUL025-03BK";3.00;91.62;274.86;"Калієвський Євгеній Іванович 067-322-99-45";"Китай";"sale"
"000000121";"УКPНAФТА ПАТ";2026-08-18;"РБН00008466";3.00;"Черкаська область, Уманський район, село Дмитрушки, автодорога Київ-Одеса, 200 км + 850 м";"000001056";"46415";"Кабель Rem. Лайтінг 2м CUL2-03BK";2.00;140.70;281.40;"Калієвський Євгеній Іванович 067-322-99-45";"Китай";"sale"
"000000121";"УКPНAФТА ПАТ";2026-08-18;"РБН00008466";12.00;"Черкаська область, Уманський район, село Дмитрушки, автодорога Київ-Одеса, 200 км + 850 м";"000000831";"44155";"Іграшка антистрес Мишиня в сирі ТМ Тискуни ATY002";5.00;51.78;258.90;"Калієвський Євгеній Іванович 067-322-99-45";"Китай";"sale"
"000000121";"УКPНAФТА ПАТ";2026-08-18;"РБН00008466";4.00;"Черкаська область, Уманський район, село Дмитрушки, автодорога Київ-Одеса, 200 км + 850 м";"000000832";"44156";"Іграшка антистрес Жабеня";3.00;48.90;146.70;"Калієвський Євгеній Іванович 067-322-99-45";"Китай";"sale"
"000000121";"УКPНAФТА ПАТ";2026-08-18;"РБН00008466";11.00;"Черкаська область, Уманський район, село Дмитрушки, автодорога Київ-Одеса, 200 км + 850 м";"000000976";"45742";"Іграшка антистрес М'яч стрибунець  ATY112";5.00;57.18;285.90;"Калієвський Євгеній Іванович 067-322-99-45";"Китай";"sale"
"000000121";"УКPНAФТА ПАТ";2026-08-18;"РБН00008466";6.00;"Черкаська область, Уманський район, село Дмитрушки, автодорога Київ-Одеса, 200 км + 850 м";"000000975";"45741";"Іграшка антистрес Каченя Блискуче ATY111";5.00;52.50;262.50;"Калієвський Євгеній Іванович 067-322-99-45";"Китай";"sale"
"000000121";"УКPНAФТА ПАТ";2026-08-18;"РБН00008466";2.00;"Черкаська область, Уманський район, село Дмитрушки, автодорога Київ-Одеса, 200 км + 850 м";"000001053";"46412";"Кабель Rem. Лайтінг 1мCUL1-03BK";2.00;114.24;228.48;"Калієвський Євгеній Іванович 067-322-99-45";"Китай";"sale"
"000000541";"МАРШАЛ-1";2026-08-18;"РБН00008460";7.00;"м.Житомир, пр. Незалежності, 11е";"000001053";"46412";"Кабель Rem. Лайтінг 1мCUL1-03BK";5.00;114.24;571.20;"Колесник Інна 097-841-97-62";"Китай";"sale"
"000000541";"МАРШАЛ-1";2026-08-18;"РБН00008460";5.00;"м.Житомир, пр. Незалежності, 11е";"000001055";"46414";"Кабель Rem. USB-C (Type-C) 1мCUC1-03BK";5.00;125.70;628.50;"Колесник Інна 097-841-97-62";"Китай";"sale"
"000000541";"МАРШАЛ-1";2026-08-18;"РБН00008460";2.00;"м.Житомир, пр. Незалежності, 11е";"000000994";"45752";"Мережевий зарядний пристрій Giwell One 18W CHA-02WT";1.00;269.04;269.04;"Колесник Інна 097-841-97-62";"Китай";"sale"
"000000541";"МАРШАЛ-1";2026-08-18;"РБН00008460";3.00;"м.Житомир, пр. Незалежності, 11е";"000001039";"46402";"AUX  кабель Remzona прямий CJJ1-02BL";4.00;110.58;442.32;"Колесник Інна 097-841-97-62";"Китай";"sale"
"000000541";"МАРШАЛ-1";2026-08-18;"РБН00008460";6.00;"м.Житомир, пр. Незалежності, 11е";"000001058";"46417";"Кабель Rem. USB-C (Type-C) 2мCUC2-03BK";2.00;154.26;308.52;"Колесник Інна 097-841-97-62";"Китай";"sale"
"000000541";"МАРШАЛ-1";2026-08-18;"РБН00008460";4.00;"м.Житомир, пр. Незалежності, 11е";"000001070";"46429";"Автомобільний тримач для телефону  Remzona PH-09BK";1.00;146.58;146.58;"Колесник Інна 097-841-97-62";"Китай";"sale"
"000000541";"МАРШАЛ-1";2026-08-18;"РБН00008460";1.00;"м.Житомир, пр. Незалежності, 11е";"000000566";"45071";"Автовізитка з номером телефону Remzona NP-01BK";1.00;67.14;67.14;"Колесник Інна 097-841-97-62";"Китай";"sale"
"000000541";"МАРШАЛ-1";2026-08-18;"РБН00008462";1.00;"Житомирська обл., Садківська с/рада, автошлях Київ-Чоп 157км (зправа)";"000001388";"49496";"Автомобільний зарядний пристрій Remzona Treneas 15W CCAA-05BL";1.00;162.96;162.96;"Колесник Інна 097-841-97-62 Житомирський р-н, с. Березівка, вул. Європейська 1";"Китай";"sale"
"000000541";"МАРШАЛ-1";2026-08-18;"РБН00008462";3.00;"Житомирська обл., Садківська с/рада, автошлях Київ-Чоп 157км (зправа)";"000001271";"40164";"Іграшка антистрес Каченя ТМ Тискуни ATY012";12.00;51.30;615.60;"Колесник Інна 097-841-97-62 Житомирський р-н, с. Березівка, вул. Європейська 1";"Китай";"sale"
"000000541";"МАРШАЛ-1";2026-08-18;"РБН00008462";4.00;"Житомирська обл., Садківська с/рада, автошлях Київ-Чоп 157км (зправа)";"000001057";"46416";"Кабель Rem. MicroUSB 2м CUM2-03BK";3.00;130.14;390.42;"Колесник Інна 097-841-97-62 Житомирський р-н, с. Березівка, вул. Європейська 1";"Китай";"sale"
"000000541";"МАРШАЛ-1";2026-08-18;"РБН00008462";5.00;"Житомирська обл., Садківська с/рада, автошлях Київ-Чоп 157км (зправа)";"000001055";"46414";"Кабель Rem. USB-C (Type-C) 1мCUC1-03BK";4.00;125.70;502.80;"Колесник Інна 097-841-97-62 Житомирський р-н, с. Березівка, вул. Європейська 1";"Китай";"sale"
"000000541";"МАРШАЛ-1";2026-08-18;"РБН00008462";6.00;"Житомирська обл., Садківська с/рада, автошлях Київ-Чоп 157км (зправа)";"000001053";"46412";"Кабель Rem. Лайтінг 1мCUL1-03BK";3.00;114.24;342.72;"Колесник Інна 097-841-97-62 Житомирський р-н, с. Березівка, вул. Європейська 1";"Китай";"sale"
"000000541";"МАРШАЛ-1";2026-08-18;"РБН00008462";2.00;"Житомирська обл., Садківська с/рада, автошлях Київ-Чоп 157км (зправа)";"000000921";"45025";"Автомобільний зарядний пристрій Remzona Treneas Acey 45W CCAC-03BK";1.00;310.74;310.74;"Колесник Інна 097-841-97-62 Житомирський р-н, с. Березівка, вул. Європейська 1";"Китай";"sale"
"000000541";"МАРШАЛ-1";2026-08-18;"РБН00008461";1.00;"Житомирська обл.,  Коростишівський р-н, с.Великі Кошарища, вул.Шкільна,13а";"000000921";"45025";"Автомобільний зарядний пристрій Remzona Treneas Acey 45W CCAC-03BK";1.00;310.74;310.74;"Колесник Інна 097-841-97-62";"Китай";"sale"
"000000541";"МАРШАЛ-1";2026-08-18;"РБН00008461";9.00;"Житомирська обл.,  Коростишівський р-н, с.Великі Кошарища, вул.Шкільна,13а";"000000910";"45020";"Кабель Remzona 3в1 100W 1.2м CUCLM1-01BL";1.00;209.34;209.34;"Колесник Інна 097-841-97-62";"Китай";"sale"
"000000541";"МАРШАЛ-1";2026-08-18;"РБН00008461";5.00;"Житомирська обл.,  Коростишівський р-н, с.Великі Кошарища, вул.Шкільна,13а";"000001055";"46414";"Кабель Rem. USB-C (Type-C) 1мCUC1-03BK";3.00;125.70;377.10;"Колесник Інна 097-841-97-62";"Китай";"sale"
"000000541";"МАРШАЛ-1";2026-08-18;"РБН00008461";3.00;"Житомирська обл.,  Коростишівський р-н, с.Великі Кошарища, вул.Шкільна,13а";"000000994";"45752";"Мережевий зарядний пристрій Giwell One 18W CHA-02WT";1.00;269.04;269.04;"Колесник Інна 097-841-97-62";"Китай";"sale"
"000000541";"МАРШАЛ-1";2026-08-18;"РБН00008461";6.00;"Житомирська обл.,  Коростишівський р-н, с.Великі Кошарища, вул.Шкільна,13а";"000001056";"46415";"Кабель Rem. Лайтінг 2м CUL2-03BK";1.00;140.70;140.70;"Колесник Інна 097-841-97-62";"Китай";"sale"
"000000541";"МАРШАЛ-1";2026-08-18;"РБН00008461";8.00;"Житомирська обл.,  Коростишівський р-н, с.Великі Кошарища, вул.Шкільна,13а";"000000992";"45750";"Мережевий зарядний пристрій Rem GiwellOne С2 20W CHC-02WT";1.00;296.40;296.40;"Колесник Інна 097-841-97-62";"Китай";"sale"
"000000541";"МАРШАЛ-1";2026-08-18;"РБН00008461";4.00;"Житомирська обл.,  Коростишівський р-н, с.Великі Кошарища, вул.Шкільна,13а";"000001271";"40164";"Іграшка антистрес Каченя ТМ Тискуни ATY012";12.00;51.30;615.60;"Колесник Інна 097-841-97-62";"Китай";"sale"
"000000541";"МАРШАЛ-1";2026-08-18;"РБН00008461";7.00;"Житомирська обл.,  Коростишівський р-н, с.Великі Кошарища, вул.Шкільна,13а";"000001086";"46556";"Зовнішній акумулятор Remzona Extrinity/PB20X225-03BL";1.00;943.62;943.62;"Колесник Інна 097-841-97-62";"Китай";"sale"
"000000541";"МАРШАЛ-1";2026-08-18;"РБН00008461";2.00;"Житомирська обл.,  Коростишівський р-н, с.Великі Кошарища, вул.Шкільна,13а";"000000598";"41264";"Автомобільний магнітний тримач для телефону PHM-04BK";1.00;223.02;223.02;"Колесник Інна 097-841-97-62";"Китай";"sale"
"000000541";"МАРШАЛ-1";2026-08-18;"РБН00008463";3.00;"м.Житомир, вул.Жуйка,4А";"000000566";"45071";"Автовізитка з номером телефону Remzona NP-01BK";5.00;67.14;335.70;"Колесник Інна 097-841-97-62";"Китай";"sale"
"000000541";"МАРШАЛ-1";2026-08-18;"РБН00008463";1.00;"м.Житомир, вул.Жуйка,4А";"000000629";"41294";"AUX кабель боковий з пружиною. CJJ1-01BK";4.00;90.84;363.36;"Колесник Інна 097-841-97-62";"Китай";"sale"
"000000541";"МАРШАЛ-1";2026-08-18;"РБН00008463";2.00;"м.Житомир, вул.Жуйка,4А";"000001387";"49497";"Автомобільний зарядний пристрій Remzona Treneas 30W CCAA-06BL";4.00;256.80;1027.20;"Колесник Інна 097-841-97-62";"Китай";"sale"
"000000541";"МАРШАЛ-1";2026-08-18;"РБН00008463";5.00;"м.Житомир, вул.Жуйка,4А";"000001058";"46417";"Кабель Rem. USB-C (Type-C) 2мCUC2-03BK";5.00;154.26;771.30;"Колесник Інна 097-841-97-62";"Китай";"sale"
"000000541";"МАРШАЛ-1";2026-08-18;"РБН00008463";4.00;"м.Житомир, вул.Жуйка,4А";"000001055";"46414";"Кабель Rem. USB-C (Type-C) 1мCUC1-03BK";5.00;125.70;628.50;"Колесник Інна 097-841-97-62";"Китай";"sale"
"000000541";"МАРШАЛ-1";2026-08-18;"РБН00008463";6.00;"м.Житомир, вул.Жуйка,4А";"000001053";"46412";"Кабель Rem. Лайтінг 1мCUL1-03BK";8.00;114.24;913.92;"Колесник Інна 097-841-97-62";"Китай";"sale"
"000000121";"УКPНAФТА ПАТ";2026-08-18;"РБН00008468";2.00;"Рівненська обл.,  смт. Клевань,  вул. Б.Хмельницького, 89 А";"000001053";"46412";"Кабель Rem. Лайтінг 1мCUL1-03BK";10.00;114.24;1142.40;"";"Китай";"sale"
"000000121";"УКPНAФТА ПАТ";2026-08-18;"РБН00008468";4.00;"Рівненська обл.,  смт. Клевань,  вул. Б.Хмельницького, 89 А";"000000990";"45748";"Пластина-кільце для магнітного тримача Remzona MSH-02";5.00;47.64;238.20;"";"Китай";"sale"
"000000121";"УКPНAФТА ПАТ";2026-08-18;"РБН00008468";5.00;"Рівненська обл.,  смт. Клевань,  вул. Б.Хмельницького, 89 А";"000000991";"45749";"Кільце-тримач для телефона Remzona MSH-03";5.00;46.26;231.30;"";"Китай";"sale"
"000000121";"УКPНAФТА ПАТ";2026-08-18;"РБН00008468";1.00;"Рівненська обл.,  смт. Клевань,  вул. Б.Хмельницького, 89 А";"000001058";"46417";"Кабель Rem. USB-C (Type-C) 2мCUC2-03BK";10.00;154.26;1542.60;"";"Китай";"sale"
"000000121";"УКPНAФТА ПАТ";2026-08-18;"РБН00008468";3.00;"Рівненська обл.,  смт. Клевань,  вул. Б.Хмельницького, 89 А";"000001056";"46415";"Кабель Rem. Лайтінг 2м CUL2-03BK";5.00;140.70;703.50;"";"Китай";"sale"
"000000121";"УКPНAФТА ПАТ";2026-08-18;"РБН00008468";7.00;"Рівненська обл.,  смт. Клевань,  вул. Б.Хмельницького, 89 А";"000001306";"48856";"Мережевий зарядний пристрій Giwell Duo C4 GaN 45W CHCC-04BK";5.00;550.02;2750.10;"";"Китай";"sale"
"000000121";"УКPНAФТА ПАТ";2026-08-18;"РБН00008468";6.00;"Рівненська обл.,  смт. Клевань,  вул. Б.Хмельницького, 89 А";"000001304";"48854";"Мережевий зарядний пристрій Giwell One C4 GaN 45W CHC-04BK";5.00;498.84;2494.20;"";"Китай";"sale"
"000000121";"УКPНAФТА ПАТ";2026-08-18;"РБН00008467";5.00;"Рівненська обл., с-ще Гоща, вул. Рівненська, 80";"000001304";"48854";"Мережевий зарядний пристрій Giwell One C4 GaN 45W CHC-04BK";5.00;498.84;2494.20;"";"Китай";"sale"
"000000121";"УКPНAФТА ПАТ";2026-08-18;"РБН00008467";6.00;"Рівненська обл., с-ще Гоща, вул. Рівненська, 80";"000001306";"48856";"Мережевий зарядний пристрій Giwell Duo C4 GaN 45W CHCC-04BK";5.00;550.02;2750.10;"";"Китай";"sale"
"000000121";"УКPНAФТА ПАТ";2026-08-18;"РБН00008467";2.00;"Рівненська обл., с-ще Гоща, вул. Рівненська, 80";"000001053";"46412";"Кабель Rem. Лайтінг 1мCUL1-03BK";5.00;114.24;571.20;"";"Китай";"sale"
"000000121";"УКPНAФТА ПАТ";2026-08-18;"РБН00008467";4.00;"Рівненська обл., с-ще Гоща, вул. Рівненська, 80";"000000991";"45749";"Кільце-тримач для телефона Remzona MSH-03";5.00;46.26;231.30;"";"Китай";"sale"
"000000121";"УКPНAФТА ПАТ";2026-08-18;"РБН00008467";1.00;"Рівненська обл., с-ще Гоща, вул. Рівненська, 80";"000000917";"45022";"Автомобільний зарядний пристрій Remzona Treneas 15W CCAA-05BК";5.00;162.96;814.80;"";"Китай";"sale"
"000000121";"УКPНAФТА ПАТ";2026-08-18;"РБН00008467";3.00;"Рівненська обл., с-ще Гоща, вул. Рівненська, 80";"000000918";"45023";"Автомобільний зарядний пристрій Remzona Treneas 30W CCAA-06BK";5.00;256.80;1284.00;"";"Китай";"sale"
"000000541";"МАРШАЛ-1";2026-08-18;"РБН00008464";1.00;"Житомирська обл.,  Бердичівський р-н, с.Хажин, вул.Братів
Марускевичів, 30";"000000921";"45025";"Автомобільний зарядний пристрій Remzona Treneas Acey 45W CCAC-03BK";2.00;310.74;621.48;"Колесник Інна 097-841-97-62";"Китай";"sale"
"000000541";"МАРШАЛ-1";2026-08-18;"РБН00008464";5.00;"Житомирська обл.,  Бердичівський р-н, с.Хажин, вул.Братів
Марускевичів, 30";"000000910";"45020";"Кабель Remzona 3в1 100W 1.2м CUCLM1-01BL";3.00;209.34;628.02;"Колесник Інна 097-841-97-62";"Китай";"sale"
"000000541";"МАРШАЛ-1";2026-08-18;"РБН00008464";4.00;"Житомирська обл.,  Бердичівський р-н, с.Хажин, вул.Братів
Марускевичів, 30";"000001056";"46415";"Кабель Rem. Лайтінг 2м CUL2-03BK";3.00;140.70;422.10;"Колесник Інна 097-841-97-62";"Китай";"sale"
"000000541";"МАРШАЛ-1";2026-08-18;"РБН00008464";3.00;"Житомирська обл.,  Бердичівський р-н, с.Хажин, вул.Братів
Марускевичів, 30";"000001058";"46417";"Кабель Rem. USB-C (Type-C) 2мCUC2-03BK";3.00;154.26;462.78;"Колесник Інна 097-841-97-62";"Китай";"sale"
"000000541";"МАРШАЛ-1";2026-08-18;"РБН00008464";2.00;"Житомирська обл.,  Бердичівський р-н, с.Хажин, вул.Братів
Марускевичів, 30";"000001057";"46416";"Кабель Rem. MicroUSB 2м CUM2-03BK";3.00;130.14;390.42;"Колесник Інна 097-841-97-62";"Китай";"sale"
"000000121";"УКPНAФТА ПАТ";2026-08-18;"РБН00008469";1.00;"м. Рівне, вул. Млинівська, 29-В, Рівненська";"000001058";"46417";"Кабель Rem. USB-C (Type-C) 2мCUC2-03BK";5.00;154.26;771.30;"";"Китай";"sale"
"000000121";"УКPНAФТА ПАТ";2026-08-18;"РБН00008469";3.00;"м. Рівне, вул. Млинівська, 29-В, Рівненська";"000000991";"45749";"Кільце-тримач для телефона Remzona MSH-03";5.00;46.26;231.30;"";"Китай";"sale"
"000000121";"УКPНAФТА ПАТ";2026-08-18;"РБН00008469";2.00;"м. Рівне, вул. Млинівська, 29-В, Рівненська";"000000990";"45748";"Пластина-кільце для магнітного тримача Remzona MSH-02";5.00;47.64;238.20;"";"Китай";"sale"
"000000121";"УКPНAФТА ПАТ";2026-08-18;"РБН00008469";5.00;"м. Рівне, вул. Млинівська, 29-В, Рівненська";"000001306";"48856";"Мережевий зарядний пристрій Giwell Duo C4 GaN 45W CHCC-04BK";5.00;550.02;2750.10;"";"Китай";"sale"
"000000121";"УКPНAФТА ПАТ";2026-08-18;"РБН00008469";4.00;"м. Рівне, вул. Млинівська, 29-В, Рівненська";"000001304";"48854";"Мережевий зарядний пристрій Giwell One C4 GaN 45W CHC-04BK";5.00;498.84;2494.20;"";"Китай";"sale"
"000000121";"УКPНAФТА ПАТ";2026-08-18;"РБН00008478";6.00;"Запорізька обл., м. Запоріжжя, вул. Портова, 1 А.";"000001275";"48570";"Іграшка дитяча ант. Кольорова мавпочка куля ATY114";2.00;85.80;171.60;"Книш Олена Петрівна 067-214-59-28";"Китай";"sale"
"000000121";"УКPНAФТА ПАТ";2026-08-18;"РБН00008478";10.00;"Запорізька обл., м. Запоріжжя, вул. Портова, 1 А.";"000001279";"48574";"Іграшка антистрес Курча Суізі ATY010";2.00;153.78;307.56;"Книш Олена Петрівна 067-214-59-28";"Китай";"sale"
"000000121";"УКPНAФТА ПАТ";2026-08-18;"РБН00008478";4.00;"Запорізька обл., м. Запоріжжя, вул. Портова, 1 А.";"000000832";"44156";"Іграшка антистрес Жабеня";2.00;48.90;97.80;"Книш Олена Петрівна 067-214-59-28";"Китай";"sale"
"000000121";"УКPНAФТА ПАТ";2026-08-18;"РБН00008478";3.00;"Запорізька обл., м. Запоріжжя, вул. Портова, 1 А.";"000000834";"44159";"Іграшка антистрес Динозавр в яйці";2.00;62.40;124.80;"Книш Олена Петрівна 067-214-59-28";"Китай";"sale"
"000000121";"УКPНAФТА ПАТ";2026-08-18;"РБН00008478";8.00;"Запорізька обл., м. Запоріжжя, вул. Портова, 1 А.";"000001156";"46853";"Іграшка дитяча антистрес Печиво 24102314";2.00;68.58;137.16;"Книш Олена Петрівна 067-214-59-28";"Китай";"sale"
"000000121";"УКPНAФТА ПАТ";2026-08-18;"РБН00008478";9.00;"Запорізька обл., м. Запоріжжя, вул. Портова, 1 А.";"000001185";"47191";"Іграшка дитяча антистрес Дракоша ATY120";1.00;64.32;64.32;"Книш Олена Петрівна 067-214-59-28";"Китай";"sale"
"000000121";"УКPНAФТА ПАТ";2026-08-18;"РБН00008478";7.00;"Запорізька обл., м. Запоріжжя, вул. Портова, 1 А.";"000001178";"47198";"Іграшка дитяча антистрес Кошеня  ATY125";2.00;99.36;198.72;"Книш Олена Петрівна 067-214-59-28";"Китай";"sale"
"000000121";"УКPНAФТА ПАТ";2026-08-18;"РБН00008478";1.00;"Запорізька обл., м. Запоріжжя, вул. Портова, 1 А.";"000001165";"46978";"Іграшка  Пригоди на природі LC2286";2.00;69.48;138.96;"Книш Олена Петрівна 067-214-59-28";"Китай";"sale"
"000000121";"УКPНAФТА ПАТ";2026-08-18;"РБН00008478";2.00;"Запорізька обл., м. Запоріжжя, вул. Портова, 1 А.";"000001167";"46980";"Іграшка  Візок з фурнітурою для кемпінгу з LC2262";2.00;77.52;155.04;"Книш Олена Петрівна 067-214-59-28";"Китай";"sale"
"000000121";"УКPНAФТА ПАТ";2026-08-18;"РБН00008478";5.00;"Запорізька обл., м. Запоріжжя, вул. Портова, 1 А.";"000001177";"47199";"Іграшка дитяча антистрес Хом'ячок   ATY126";2.00;67.02;134.04;"Книш Олена Петрівна 067-214-59-28";"Китай";"sale"
"000000121";"УКPНAФТА ПАТ";2026-08-18;"РБН00008473";3.00;"Вінницька обл., с/р Уланівська, а/д км 39+950";"000001156";"46853";"Іграшка дитяча антистрес Печиво 24102314";12.00;68.58;822.96;"";"Китай";"sale"
"000000121";"УКPНAФТА ПАТ";2026-08-18;"РБН00008473";2.00;"Вінницька обл., с/р Уланівська, а/д км 39+950";"000001059";"46418";"Кабель Rem. з кон. USB-C (Type-C) 100W 1.2м CCC1-04BK";5.00;169.26;846.30;"";"Китай";"sale"
"000000121";"УКPНAФТА ПАТ";2026-08-18;"РБН00008473";1.00;"Вінницька обл., с/р Уланівська, а/д км 39+950";"000001053";"46412";"Кабель Rem. Лайтінг 1мCUL1-03BK";5.00;114.24;571.20;"";"Китай";"sale"
"000000121";"УКPНAФТА ПАТ";2026-08-18;"РБН00008476";1.00;"м.Вінниця, вул.Пирогова, 172";"000001053";"46412";"Кабель Rem. Лайтінг 1мCUL1-03BK";2.00;114.24;228.48;"Ящун Оксана Михайлівна 067-322-99-86";"Китай";"sale"
"000000121";"УКPНAФТА ПАТ";2026-08-18;"РБН00008476";6.00;"м.Вінниця, вул.Пирогова, 172";"000000831";"44155";"Іграшка антистрес Мишиня в сирі ТМ Тискуни ATY002";12.00;51.78;621.36;"Ящун Оксана Михайлівна 067-322-99-86";"Китай";"sale"
"000000121";"УКPНAФТА ПАТ";2026-08-18;"РБН00008476";5.00;"м.Вінниця, вул.Пирогова, 172";"000000989";"45747";"Іграшка  антистрес Яйце динозавра ТМ Тискуни ATY113";12.00;57.18;686.16;"Ящун Оксана Михайлівна 067-322-99-86";"Китай";"sale"
"000000121";"УКPНAФТА ПАТ";2026-08-18;"РБН00008476";2.00;"м.Вінниця, вул.Пирогова, 172";"000001400";"49959";"Брелок з іграшкою 7см MYK026";6.00;122.22;733.32;"Ящун Оксана Михайлівна 067-322-99-86";"Китай";"sale"
"000000121";"УКPНAФТА ПАТ";2026-08-18;"РБН00008476";3.00;"м.Вінниця, вул.Пирогова, 172";"000001405";"49964";"Брелок з іграшкою 8см MYK031";6.00;110.88;665.28;"Ящун Оксана Михайлівна 067-322-99-86";"Китай";"sale"
"000000121";"УКPНAФТА ПАТ";2026-08-18;"РБН00008476";4.00;"м.Вінниця, вул.Пирогова, 172";"000001448";"50007";"Брелок з іграшкою 9см MYK074";6.00;177.60;1065.60;"Ящун Оксана Михайлівна 067-322-99-86";"Китай";"sale"
"000000121";"УКPНAФТА ПАТ";2026-08-18;"РБН00008443";3.00;"Зарічненський район, смт Зарічне, вул. Аерофлотська, буд. 6";"000001304";"48854";"Мережевий зарядний пристрій Giwell One C4 GaN 45W CHC-04BK";5.00;498.84;2494.20;"";"Китай";"sale"
"000000121";"УКPНAФТА ПАТ";2026-08-18;"РБН00008443";4.00;"Зарічненський район, смт Зарічне, вул. Аерофлотська, буд. 6";"000001306";"48856";"Мережевий зарядний пристрій Giwell Duo C4 GaN 45W CHCC-04BK";5.00;550.02;2750.10;"";"Китай";"sale"
"000000121";"УКPНAФТА ПАТ";2026-08-18;"РБН00008443";1.00;"Зарічненський район, смт Зарічне, вул. Аерофлотська, буд. 6";"000000990";"45748";"Пластина-кільце для магнітного тримача Remzona MSH-02";10.00;47.64;476.40;"";"Китай";"sale"
"000000121";"УКPНAФТА ПАТ";2026-08-18;"РБН00008443";2.00;"Зарічненський район, смт Зарічне, вул. Аерофлотська, буд. 6";"000000991";"45749";"Кільце-тримач для телефона Remzona MSH-03";5.00;46.26;231.30;"";"Китай";"sale"
"000000561";"КЛЕОН-ОЙЛ";2026-08-18;"РБН00008475";3.00;"м. Житомир, вул. Сергія Параджанова, 55-А (Баранова)
АЗС 11049";"000000083";"24623";"Вино Ігристе Castelbprgo Lambrusco Dell'enilia (біл. нап./сол.) 0,75л";6.00;145.86;875.16;"";"Вино";"sale"
"000000561";"КЛЕОН-ОЙЛ";2026-08-18;"РБН00008475";1.00;"м. Житомир, вул. Сергія Параджанова, 55-А (Баранова)
АЗС 11049";"000000030";"36402";"Вино Cavalli Neri Bianco Italiano Semi-Dolce (біл.пол/сол) 0,75л";6.00;132.00;792.00;"";"Вино";"sale"
"000000561";"КЛЕОН-ОЙЛ";2026-08-18;"РБН00008475";2.00;"м. Житомир, вул. Сергія Параджанова, 55-А (Баранова)
АЗС 11049";"000000084";"22719";"Вино Ігристе Cavalli Neri Bianco Spumante Brut 0,75л";6.00;204.00;1224.00;"";"Вино";"sale"
"000000212";"ПП  ""УКРПАЛЕТСИСТЕМ""";2026-08-18;"РБН00008500";5.00;"Івано-Франковська обл., Івано-Франківський район, село Черніів, вул. Надвірнянська, 67-В";"000001145";"46842";"Рукавиці захисні Goodview розмір 11/146280 L";5.00;194.94;974.70;"0674114292";"Китай";"sale"
"000000212";"ПП  ""УКРПАЛЕТСИСТЕМ""";2026-08-18;"РБН00008500";3.00;"Івано-Франковська обл., Івано-Франківський район, село Черніів, вул. Надвірнянська, 67-В";"000001155";"46854";"Іграшка дитяча антистрес Курча 24102312";12.00;97.44;1169.28;"0674114292";"Китай";"sale"
"000000212";"ПП  ""УКРПАЛЕТСИСТЕМ""";2026-08-18;"РБН00008500";4.00;"Івано-Франковська обл., Івано-Франківський район, село Черніів, вул. Надвірнянська, 67-В";"000000975";"45741";"Іграшка антистрес Каченя Блискуче ATY111";12.00;52.50;630.00;"0674114292";"Китай";"sale"
"000000212";"ПП  ""УКРПАЛЕТСИСТЕМ""";2026-08-18;"РБН00008500";2.00;"Івано-Франковська обл., Івано-Франківський район, село Черніів, вул. Надвірнянська, 67-В";"000001156";"46853";"Іграшка дитяча антистрес Печиво 24102314";12.00;68.58;822.96;"0674114292";"Китай";"sale"
"000000212";"ПП  ""УКРПАЛЕТСИСТЕМ""";2026-08-18;"РБН00008500";6.00;"Івано-Франковська обл., Івано-Франківський район, село Черніів, вул. Надвірнянська, 67-В";"000001178";"47198";"Іграшка дитяча антистрес Кошеня  ATY125";12.00;99.36;1192.32;"0674114292";"Китай";"sale"
"000000212";"ПП  ""УКРПАЛЕТСИСТЕМ""";2026-08-18;"РБН00008500";7.00;"Івано-Франковська обл., Івано-Франківський район, село Черніів, вул. Надвірнянська, 67-В";"000001185";"47191";"Іграшка дитяча антистрес Дракоша ATY120";12.00;64.32;771.84;"0674114292";"Китай";"sale"
"000000212";"ПП  ""УКРПАЛЕТСИСТЕМ""";2026-08-18;"РБН00008500";1.00;"Івано-Франковська обл., Івано-Франківський район, село Черніів, вул. Надвірнянська, 67-В";"000001271";"40164";"Іграшка антистрес Каченя ТМ Тискуни ATY012";12.00;51.30;615.60;"0674114292";"Китай";"sale"
"000000121";"УКPНAФТА ПАТ";2026-08-18;"РБН00008498";4.00;"Вінницька обл., с. Якушинці, а/д Львів-Знам*янка км353";"000000976";"45742";"Іграшка антистрес М'яч стрибунець  ATY112";3.00;57.18;171.54;"";"Китай";"sale"
"000000121";"УКPНAФТА ПАТ";2026-08-18;"РБН00008498";5.00;"Вінницька обл., с. Якушинці, а/д Львів-Знам*янка км353";"000000831";"44155";"Іграшка антистрес Мишиня в сирі ТМ Тискуни ATY002";3.00;51.78;155.34;"";"Китай";"sale"
"000000121";"УКPНAФТА ПАТ";2026-08-18;"РБН00008498";2.00;"Вінницька обл., с. Якушинці, а/д Львів-Знам*янка км353";"000001476";"50132";"Іграшка  антистрес Нейронні тваринки ТМ Тискуни ATY132";9.00;26.34;237.06;"";"Китай";"sale"
"000000121";"УКPНAФТА ПАТ";2026-08-18;"РБН00008498";3.00;"Вінницька обл., с. Якушинці, а/д Львів-Знам*янка км353";"000001477";"50133";"Іграшка антистрес Котик Суізі ТМ Тискуни ATY133";3.00;127.44;382.32;"";"Китай";"sale"
"000000121";"УКPНAФТА ПАТ";2026-08-18;"РБН00008498";1.00;"Вінницька обл., с. Якушинці, а/д Львів-Знам*янка км353";"000001490";"50313";"Іграшка  антистрес Кольорова кучка ТМ Тискуни  ATY143";12.00;61.26;735.12;"";"Китай";"sale"
"000000638";"АМІК УКРАЇНА ПІІ";2026-08-18;"РБН00008496";2.00;"Iвано-Франківська обл., Тисменицький р-н, Березівська с/р, с. Березівка вул. Шевченка, 60";"000000831";"44155";"Іграшка антистрес Мишиня в сирі ТМ Тискуни ATY002";12.00;51.78;621.36;"Бенюк Іван Іванович (097) 842-09-89 050-4120343";"Китай";"sale"
"000000638";"АМІК УКРАЇНА ПІІ";2026-08-18;"РБН00008496";1.00;"Iвано-Франківська обл., Тисменицький р-н, Березівська с/р, с. Березівка вул. Шевченка, 60";"000000975";"45741";"Іграшка антистрес Каченя Блискуче ATY111";12.00;52.50;630.00;"Бенюк Іван Іванович (097) 842-09-89 050-4120343";"Китай";"sale"
"000000121";"УКPНAФТА ПАТ";2026-08-18;"РБН00008495";1.00;"Хмельницька область, Хмельницький район, м. Хмельницький, вул. Трудова, буд. 11";"000000976";"45742";"Іграшка антистрес М'яч стрибунець  ATY112";3.00;57.18;171.54;"Якимчук Вероніка Євгенівна 067-547-70-06";"Китай";"sale"
"000000121";"УКPНAФТА ПАТ";2026-08-18;"РБН00008495";7.00;"Хмельницька область, Хмельницький район, м. Хмельницький, вул. Трудова, буд. 11";"000000831";"44155";"Іграшка антистрес Мишиня в сирі ТМ Тискуни ATY002";3.00;51.78;155.34;"Якимчук Вероніка Євгенівна 067-547-70-06";"Китай";"sale"
"000000121";"УКPНAФТА ПАТ";2026-08-18;"РБН00008495";5.00;"Хмельницька область, Хмельницький район, м. Хмельницький, вул. Трудова, буд. 11";"000000991";"45749";"Кільце-тримач для телефона Remzona MSH-03";3.00;46.26;138.78;"Якимчук Вероніка Євгенівна 067-547-70-06";"Китай";"sale"
"000000121";"УКPНAФТА ПАТ";2026-08-18;"РБН00008495";6.00;"Хмельницька область, Хмельницький район, м. Хмельницький, вул. Трудова, буд. 11";"000000990";"45748";"Пластина-кільце для магнітного тримача Remzona MSH-02";3.00;47.64;142.92;"Якимчук Вероніка Євгенівна 067-547-70-06";"Китай";"sale"
"000000121";"УКPНAФТА ПАТ";2026-08-18;"РБН00008495";15.00;"Хмельницька область, Хмельницький район, м. Хмельницький, вул. Трудова, буд. 11";"000000989";"45747";"Іграшка  антистрес Яйце динозавра ТМ Тискуни ATY113";3.00;57.18;171.54;"Якимчук Вероніка Євгенівна 067-547-70-06";"Китай";"sale"
"000000121";"УКPНAФТА ПАТ";2026-08-18;"РБН00008495";4.00;"Хмельницька область, Хмельницький район, м. Хмельницький, вул. Трудова, буд. 11";"000001490";"50313";"Іграшка  антистрес Кольорова кучка ТМ Тискуни  ATY143";12.00;61.26;735.12;"Якимчук Вероніка Євгенівна 067-547-70-06";"Китай";"sale"
"000000121";"УКPНAФТА ПАТ";2026-08-18;"РБН00008495";14.00;"Хмельницька область, Хмельницький район, м. Хмельницький, вул. Трудова, буд. 11";"000001444";"50003";"Брелок з іграшкою 5см MYK070";3.00;210.72;632.16;"Якимчук Вероніка Євгенівна 067-547-70-06";"Китай";"sale"
"000000121";"УКPНAФТА ПАТ";2026-08-18;"РБН00008495";3.00;"Хмельницька область, Хмельницький район, м. Хмельницький, вул. Трудова, буд. 11";"000001477";"50133";"Іграшка антистрес Котик Суізі ТМ Тискуни ATY133";3.00;127.44;382.32;"Якимчук Вероніка Євгенівна 067-547-70-06";"Китай";"sale"
"000000121";"УКPНAФТА ПАТ";2026-08-18;"РБН00008495";13.00;"Хмельницька область, Хмельницький район, м. Хмельницький, вул. Трудова, буд. 11";"000001448";"50007";"Брелок з іграшкою 9см MYK074";3.00;177.60;532.80;"Якимчук Вероніка Євгенівна 067-547-70-06";"Китай";"sale"
"000000121";"УКPНAФТА ПАТ";2026-08-18;"РБН00008495";12.00;"Хмельницька область, Хмельницький район, м. Хмельницький, вул. Трудова, буд. 11";"000001449";"50008";"Брелок з іграшкою 8см MYK075";3.00;133.14;399.42;"Якимчук Вероніка Євгенівна 067-547-70-06";"Китай";"sale"
"000000121";"УКPНAФТА ПАТ";2026-08-18;"РБН00008495";2.00;"Хмельницька область, Хмельницький район, м. Хмельницький, вул. Трудова, буд. 11";"000001476";"50132";"Іграшка  антистрес Нейронні тваринки ТМ Тискуни ATY132";9.00;26.34;237.06;"Якимчук Вероніка Євгенівна 067-547-70-06";"Китай";"sale"
"000000121";"УКPНAФТА ПАТ";2026-08-18;"РБН00008495";9.00;"Хмельницька область, Хмельницький район, м. Хмельницький, вул. Трудова, буд. 11";"000001405";"49964";"Брелок з іграшкою 8см MYK031";3.00;110.88;332.64;"Якимчук Вероніка Євгенівна 067-547-70-06";"Китай";"sale"
"000000121";"УКPНAФТА ПАТ";2026-08-18;"РБН00008495";10.00;"Хмельницька область, Хмельницький район, м. Хмельницький, вул. Трудова, буд. 11";"000001436";"49995";"Брелок з іграшкою 12см MYK062";3.00;210.72;632.16;"Якимчук Вероніка Євгенівна 067-547-70-06";"Китай";"sale"
"000000121";"УКPНAФТА ПАТ";2026-08-18;"РБН00008495";11.00;"Хмельницька область, Хмельницький район, м. Хмельницький, вул. Трудова, буд. 11";"000001440";"49999";"Брелок з іграшкою 14см MYK066";3.00;182.82;548.46;"Якимчук Вероніка Євгенівна 067-547-70-06";"Китай";"sale"
"000000121";"УКPНAФТА ПАТ";2026-08-18;"РБН00008495";8.00;"Хмельницька область, Хмельницький район, м. Хмельницький, вул. Трудова, буд. 11";"000001400";"49959";"Брелок з іграшкою 7см MYK026";3.00;122.22;366.66;"Якимчук Вероніка Євгенівна 067-547-70-06";"Китай";"sale"
"000000212";"ПП  ""УКРПАЛЕТСИСТЕМ""";2026-08-18;"РБН00008185";1.00;"Тернопільська область, Кременецький район, село Бонівка, вул. Вишнівецька, буд. 2-А";"000001388";"49496";"Автомобільний зарядний пристрій Remzona Treneas 15W CCAA-05BL";6.00;162.96;977.76;"Стародуб Василь Миколайович +380 93-709-59-46";"Китай";"sale"
"000000212";"ПП  ""УКРПАЛЕТСИСТЕМ""";2026-08-18;"РБН00008185";4.00;"Тернопільська область, Кременецький район, село Бонівка, вул. Вишнівецька, буд. 2-А";"000001055";"46414";"Кабель Rem. USB-C (Type-C) 1мCUC1-03BK";6.00;125.70;754.20;"Стародуб Василь Миколайович +380 93-709-59-46";"Китай";"sale"
"000000212";"ПП  ""УКРПАЛЕТСИСТЕМ""";2026-08-18;"РБН00008185";2.00;"Тернопільська область, Кременецький район, село Бонівка, вул. Вишнівецька, буд. 2-А";"000000987";"45745";"Автомобільний тримач для телефону PH-08BK";5.00;253.56;1267.80;"Стародуб Василь Миколайович +380 93-709-59-46";"Китай";"sale"
"000000212";"ПП  ""УКРПАЛЕТСИСТЕМ""";2026-08-18;"РБН00008185";3.00;"Тернопільська область, Кременецький район, село Бонівка, вул. Вишнівецька, буд. 2-А";"000001053";"46412";"Кабель Rem. Лайтінг 1мCUL1-03BK";3.00;114.24;342.72;"Стародуб Василь Миколайович +380 93-709-59-46";"Китай";"sale"
"000000212";"ПП  ""УКРПАЛЕТСИСТЕМ""";2026-08-18;"РБН00008185";6.00;"Тернопільська область, Кременецький район, село Бонівка, вул. Вишнівецька, буд. 2-А";"000001059";"46418";"Кабель Rem. з кон. USB-C (Type-C) 100W 1.2м CCC1-04BK";5.00;169.26;846.30;"Стародуб Василь Миколайович +380 93-709-59-46";"Китай";"sale"
"000000212";"ПП  ""УКРПАЛЕТСИСТЕМ""";2026-08-18;"РБН00008185";5.00;"Тернопільська область, Кременецький район, село Бонівка, вул. Вишнівецька, буд. 2-А";"000001058";"46417";"Кабель Rem. USB-C (Type-C) 2мCUC2-03BK";6.00;154.26;925.56;"Стародуб Василь Миколайович +380 93-709-59-46";"Китай";"sale"
"000000121";"УКPНAФТА ПАТ";2026-08-18;"РБН00008494";3.00;"Буський район, м.Буськ, а/дорога Рівне-Берестечко-Буськ-Перемишляни км 114+280(ліворуч)";"000001058";"46417";"Кабель Rem. USB-C (Type-C) 2мCUC2-03BK";2.00;154.26;308.52;"";"Китай";"sale"
"000000121";"УКPНAФТА ПАТ";2026-08-18;"РБН00008494";2.00;"Буський район, м.Буськ, а/дорога Рівне-Берестечко-Буськ-Перемишляни км 114+280(ліворуч)";"000001056";"46415";"Кабель Rem. Лайтінг 2м CUL2-03BK";2.00;140.70;281.40;"";"Китай";"sale"
"000000121";"УКPНAФТА ПАТ";2026-08-18;"РБН00008494";1.00;"Буський район, м.Буськ, а/дорога Рівне-Берестечко-Буськ-Перемишляни км 114+280(ліворуч)";"000000598";"41264";"Автомобільний магнітний тримач для телефону PHM-04BK";2.00;160.02;320.04;"";"Китай";"sale"
"000000212";"ПП  ""УКРПАЛЕТСИСТЕМ""";2026-08-18;"РБН00008489";1.00;"Волинська обл., Ковельський район, с. Старовойтове, вул. Прикордонників, буд. 7А";"000001271";"40164";"Іграшка антистрес Каченя ТМ Тискуни ATY012";5.00;51.30;256.50;"0976499394 Юлия";"Китай";"sale"
"000000212";"ПП  ""УКРПАЛЕТСИСТЕМ""";2026-08-18;"РБН00008489";2.00;"Волинська обл., Ковельський район, с. Старовойтове, вул. Прикордонників, буд. 7А";"000001055";"46414";"Кабель Rem. USB-C (Type-C) 1мCUC1-03BK";5.00;125.70;628.50;"0976499394 Юлия";"Китай";"sale"
"000000212";"ПП  ""УКРПАЛЕТСИСТЕМ""";2026-08-18;"РБН00008489";6.00;"Волинська обл., Ковельський район, с. Старовойтове, вул. Прикордонників, буд. 7А";"000001185";"47191";"Іграшка дитяча антистрес Дракоша ATY120";5.00;64.32;321.60;"0976499394 Юлия";"Китай";"sale"
"000000212";"ПП  ""УКРПАЛЕТСИСТЕМ""";2026-08-18;"РБН00008489";5.00;"Волинська обл., Ковельський район, с. Старовойтове, вул. Прикордонників, буд. 7А";"000001178";"47198";"Іграшка дитяча антистрес Кошеня  ATY125";5.00;99.36;496.80;"0976499394 Юлия";"Китай";"sale"
"000000212";"ПП  ""УКРПАЛЕТСИСТЕМ""";2026-08-18;"РБН00008489";3.00;"Волинська обл., Ковельський район, с. Старовойтове, вул. Прикордонників, буд. 7А";"000001058";"46417";"Кабель Rem. USB-C (Type-C) 2мCUC2-03BK";5.00;154.26;771.30;"0976499394 Юлия";"Китай";"sale"
"000000212";"ПП  ""УКРПАЛЕТСИСТЕМ""";2026-08-18;"РБН00008489";4.00;"Волинська обл., Ковельський район, с. Старовойтове, вул. Прикордонників, буд. 7А";"000000975";"45741";"Іграшка антистрес Каченя Блискуче ATY111";10.00;52.50;525.00;"0976499394 Юлия";"Китай";"sale"
"000000121";"УКPНAФТА ПАТ";2026-08-18;"РБН00008501";5.00;"Чернігівська обл., Чернігівський р-н, с. Ягідне, с/рада Iванівська 130 км автодороги Київ-Чернігів-Н.Яриловичі";"000000831";"44155";"Іграшка антистрес Мишиня в сирі ТМ Тискуни ATY002";10.00;51.78;517.80;"Міроненко Олександр Олександрович 063 874 56 59";"Китай";"sale"
"000000121";"УКPНAФТА ПАТ";2026-08-18;"РБН00008501";1.00;"Чернігівська обл., Чернігівський р-н, с. Ягідне, с/рада Iванівська 130 км автодороги Київ-Чернігів-Н.Яриловичі";"000001070";"46429";"Автомобільний тримач для телефону  Remzona PH-09BK";5.00;182.16;910.80;"Міроненко Олександр Олександрович 063 874 56 59";"Китай";"sale"
"000000121";"УКPНAФТА ПАТ";2026-08-18;"РБН00008501";2.00;"Чернігівська обл., Чернігівський р-н, с. Ягідне, с/рада Iванівська 130 км автодороги Київ-Чернігів-Н.Яриловичі";"000001177";"47199";"Іграшка дитяча антистрес Хом'ячок   ATY126";10.00;67.02;670.20;"Міроненко Олександр Олександрович 063 874 56 59";"Китай";"sale"
"000000121";"УКPНAФТА ПАТ";2026-08-18;"РБН00008501";3.00;"Чернігівська обл., Чернігівський р-н, с. Ягідне, с/рада Iванівська 130 км автодороги Київ-Чернігів-Н.Яриловичі";"000001440";"49999";"Брелок з іграшкою 14см MYK066";5.00;182.82;914.10;"Міроненко Олександр Олександрович 063 874 56 59";"Китай";"sale"
"000000121";"УКPНAФТА ПАТ";2026-08-18;"РБН00008501";4.00;"Чернігівська обл., Чернігівський р-н, с. Ягідне, с/рада Iванівська 130 км автодороги Київ-Чернігів-Н.Яриловичі";"000001476";"50132";"Іграшка  антистрес Нейронні тваринки ТМ Тискуни ATY132";9.00;26.34;237.06;"Міроненко Олександр Олександрович 063 874 56 59";"Китай";"sale"
"000000701";"ВАВУЛІНА Т.К. ФОП";2026-08-18;"РБН00008480";1.00;"м. Київ, вул. Клеманська, 3";"000000028";"36403";"Вино Cavalli Neri Bianco Toscana IGT Chardonnay (біл.сухе) 0,75л";9.00;142.20;1279.80;"050-971-72-31 Олександр Доставка на РЦ в Києві Клеманська 3";"Вино";"sale"
"000000701";"ВАВУЛІНА Т.К. ФОП";2026-08-18;"РБН00008480";2.00;"м. Київ, вул. Клеманська, 3";"000000031";"36401";"Вино Cavalli Neri Rosso Italiano Semi-Dolce (черв.пол/сол) 0,75л";3.00;124.20;372.60;"050-971-72-31 Олександр Доставка на РЦ в Києві Клеманська 3";"Вино";"sale"
"000000697";"ЛУКАШ Г.М. ФОП";2026-08-18;"РБН00008481";1.00;"м. Київ, вул. Клеманська, 3";"000000028";"36403";"Вино Cavalli Neri Bianco Toscana IGT Chardonnay (біл.сухе) 0,75л";6.00;142.20;853.20;"050-971-72-31 Олександр Доставка на РЦ в Києві Клеманська 3";"Вино";"sale"
"000000702";"ЛИСАК К.В. ФОП";2026-08-18;"РБН00008482";1.00;"м. Київ, вул. Клеманська, 3";"000000028";"36403";"Вино Cavalli Neri Bianco Toscana IGT Chardonnay (біл.сухе) 0,75л";3.00;142.20;426.60;"050-971-72-31 Олександр Доставка на РЦ в Києві Клеманська 3";"Вино";"sale"
"000000714";"Гончар-Пріймягі С.С. ФОП";2026-08-18;"РБН00008484";1.00;"м. Київ, вул. Клеманська, 3";"000000028";"36403";"Вино Cavalli Neri Bianco Toscana IGT Chardonnay (біл.сухе) 0,75л";3.00;142.20;426.60;"050-971-72-31 Олександр Доставка на РЦ в Києві Клеманська 3";"Вино";"sale"
"000000714";"Гончар-Пріймягі С.С. ФОП";2026-08-18;"РБН00008484";2.00;"м. Київ, вул. Клеманська, 3";"000000646";"45151";"Вино Vegan-friendly FERMO Bianco white still (безалк.біл.сухе) 0,75л";3.00;171.00;513.00;"050-971-72-31 Олександр Доставка на РЦ в Києві Клеманська 3";"Вино";"sale"
"000000121";"УКPНAФТА ПАТ";2026-08-18;"РБН00008505";12.00;"Закарпатська область, Ужгородський район, село Соломоново, вул. Європейська, буд. 7";"000000632";"41297";"AUX кабель з Lightning конектором. CJL1-01WT";3.00;211.68;635.04;"Газа Оксана 050-133-35-87 + мала стійка по НП";"Китай";"sale"
"000000121";"УКPНAФТА ПАТ";2026-08-18;"РБН00008505";5.00;"Закарпатська область, Ужгородський район, село Соломоново, вул. Європейська, буд. 7";"000000620";"41285";"Кабель MicroUSB для зарядки та синхронізації пристроїв.CUM1-01BL";3.00;115.62;346.86;"Газа Оксана 050-133-35-87 + мала стійка по НП";"Китай";"sale"
"000000121";"УКPНAФТА ПАТ";2026-08-18;"РБН00008505";15.00;"Закарпатська область, Ужгородський район, село Соломоново, вул. Європейська, буд. 7";"000001388";"49496";"Автомобільний зарядний пристрій Remzona Treneas 15W CCAA-05BL";3.00;162.96;488.88;"Газа Оксана 050-133-35-87 + мала стійка по НП";"Китай";"sale"
"000000121";"УКPНAФТА ПАТ";2026-08-18;"РБН00008505";16.00;"Закарпатська область, Ужгородський район, село Соломоново, вул. Європейська, буд. 7";"000001385";"49499";"Автомобільний зарядний пристрій Remzona Treneas Acey 30W CCAC-02BL ";3.00;270.06;810.18;"Газа Оксана 050-133-35-87 + мала стійка по НП";"Китай";"sale"
"000000121";"УКPНAФТА ПАТ";2026-08-18;"РБН00008505";3.00;"Закарпатська область, Ужгородський район, село Соломоново, вул. Європейська, буд. 7";"000001098";"46568";"Автомобільний тримач для телефону Remzona PHM-14BK";3.00;269.88;809.64;"Газа Оксана 050-133-35-87 + мала стійка по НП";"Китай";"sale"
"000000121";"УКPНAФТА ПАТ";2026-08-18;"РБН00008505";2.00;"Закарпатська область, Ужгородський район, село Соломоново, вул. Європейська, буд. 7";"000001097";"46567";"Автомобільний тримач для телефону Remzona PHM-13BK";3.00;259.98;779.94;"Газа Оксана 050-133-35-87 + мала стійка по НП";"Китай";"sale"
"000000121";"УКPНAФТА ПАТ";2026-08-18;"РБН00008505";7.00;"Закарпатська область, Ужгородський район, село Соломоново, вул. Європейська, буд. 7";"000001053";"46412";"Кабель Rem. Лайтінг 1мCUL1-03BK";3.00;114.24;342.72;"Газа Оксана 050-133-35-87 + мала стійка по НП";"Китай";"sale"
"000000121";"УКPНAФТА ПАТ";2026-08-18;"РБН00008505";8.00;"Закарпатська область, Ужгородський район, село Соломоново, вул. Європейська, буд. 7";"000001056";"46415";"Кабель Rem. Лайтінг 2м CUL2-03BK";3.00;140.70;422.10;"Газа Оксана 050-133-35-87 + мала стійка по НП";"Китай";"sale"
"000000121";"УКPНAФТА ПАТ";2026-08-18;"РБН00008505";11.00;"Закарпатська область, Ужгородський район, село Соломоново, вул. Європейська, буд. 7";"000001058";"46417";"Кабель Rem. USB-C (Type-C) 2мCUC2-03BK";3.00;154.26;462.78;"Газа Оксана 050-133-35-87 + мала стійка по НП";"Китай";"sale"
"000000121";"УКPНAФТА ПАТ";2026-08-18;"РБН00008505";6.00;"Закарпатська область, Ужгородський район, село Соломоново, вул. Європейська, буд. 7";"000001059";"46418";"Кабель Rem. з кон. USB-C (Type-C) 100W 1.2м CCC1-04BK";3.00;169.26;507.78;"Газа Оксана 050-133-35-87 + мала стійка по НП";"Китай";"sale"
"000000121";"УКPНAФТА ПАТ";2026-08-18;"РБН00008505";9.00;"Закарпатська область, Ужгородський район, село Соломоново, вул. Європейська, буд. 7";"000001057";"46416";"Кабель Rem. MicroUSB 2м CUM2-03BK";3.00;130.14;390.42;"Газа Оксана 050-133-35-87 + мала стійка по НП";"Китай";"sale"
"000000121";"УКPНAФТА ПАТ";2026-08-18;"РБН00008505";13.00;"Закарпатська область, Ужгородський район, село Соломоново, вул. Європейська, буд. 7";"000000908";"45036";"Мережевий заряд пристрій Remzona Giwell Acey 30W CHAC-03WT";3.00;296.40;889.20;"Газа Оксана 050-133-35-87 + мала стійка по НП";"Китай";"sale"
"000000121";"УКPНAФТА ПАТ";2026-08-18;"РБН00008505";4.00;"Закарпатська область, Ужгородський район, село Соломоново, вул. Європейська, буд. 7";"000000912";"45035";"Бездротова зарядка Remzona Airchar 20W Matt Black WCH-01BK";3.00;422.82;1268.46;"Газа Оксана 050-133-35-87 + мала стійка по НП";"Китай";"sale"
"000000121";"УКPНAФТА ПАТ";2026-08-18;"РБН00008505";1.00;"Закарпатська область, Ужгородський район, село Соломоново, вул. Європейська, буд. 7";"000000952";"45255";"Автовізитка з номером телефону Remzona NP-02BK";3.00;204.90;614.70;"Газа Оксана 050-133-35-87 + мала стійка по НП";"Китай";"sale"
"000000121";"УКPНAФТА ПАТ";2026-08-18;"РБН00008505";10.00;"Закарпатська область, Ужгородський район, село Соломоново, вул. Європейська, буд. 7";"000001055";"46414";"Кабель Rem. USB-C (Type-C) 1мCUC1-03BK";3.00;125.70;377.10;"Газа Оксана 050-133-35-87 + мала стійка по НП";"Китай";"sale"
"000000121";"УКPНAФТА ПАТ";2026-08-18;"РБН00008505";14.00;"Закарпатська область, Ужгородський район, село Соломоново, вул. Європейська, буд. 7";"000000994";"45752";"Мережевий зарядний пристрій Giwell One 18W CHA-02WT";3.00;269.04;807.12;"Газа Оксана 050-133-35-87 + мала стійка по НП";"Китай";"sale"
"000000704";"МАЦЕНКО В.С. ФОП";2026-08-18;"РБН00008485";1.00;"м. Київ, вул. Клеманська, 3";"000000028";"36403";"Вино Cavalli Neri Bianco Toscana IGT Chardonnay (біл.сухе) 0,75л";3.00;142.20;426.60;"050-971-72-31 Олександр Доставка на РЦ в Києві Клеманська 3";"Вино";"sale"
"000000704";"МАЦЕНКО В.С. ФОП";2026-08-18;"РБН00008485";2.00;"м. Київ, вул. Клеманська, 3";"000000314";"20980";"Вино Fattoria Viticcio Greppico IGT TOSCANA (біл.сухе) 0,75л";3.00;231.00;693.00;"050-971-72-31 Олександр Доставка на РЦ в Києві Клеманська 3";"Вино";"sale"
"000000704";"МАЦЕНКО В.С. ФОП";2026-08-18;"РБН00008485";3.00;"м. Київ, вул. Клеманська, 3";"000000339";"33645";"Вино Fattoria Viticcio CHIANTI CLASSICO BIO (черв.сухе) 0,75л";3.00;348.00;1044.00;"050-971-72-31 Олександр Доставка на РЦ в Києві Клеманська 3";"Вино";"sale"
"000000705";"МОРОЗ М.О. ФОП";2026-08-18;"РБН00008486";3.00;"м. Київ, вул. Клеманська, 3";"000000339";"33645";"Вино Fattoria Viticcio CHIANTI CLASSICO BIO (черв.сухе) 0,75л";6.00;348.00;2088.00;"050-971-72-31 Олександр Доставка на РЦ в Києві Клеманська 3";"Вино";"sale"
"000000705";"МОРОЗ М.О. ФОП";2026-08-18;"РБН00008486";4.00;"м. Київ, вул. Клеманська, 3";"000000391";"25995";"Вино Fattoria Viticcio Morellino di Scansano (черв.сухе) 0,75л";3.00;282.00;846.00;"050-971-72-31 Олександр Доставка на РЦ в Києві Клеманська 3";"Вино";"sale"
"000000705";"МОРОЗ М.О. ФОП";2026-08-18;"РБН00008486";5.00;"м. Київ, вул. Клеманська, 3";"000000028";"36403";"Вино Cavalli Neri Bianco Toscana IGT Chardonnay (біл.сухе) 0,75л";3.00;142.20;426.60;"050-971-72-31 Олександр Доставка на РЦ в Києві Клеманська 3";"Вино";"sale"
"000000705";"МОРОЗ М.О. ФОП";2026-08-18;"РБН00008486";1.00;"м. Київ, вул. Клеманська, 3";"000000030";"36402";"Вино Cavalli Neri Bianco Italiano Semi-Dolce (біл.пол/сол) 0,75л";9.00;124.20;1117.80;"050-971-72-31 Олександр Доставка на РЦ в Києві Клеманська 3";"Вино";"sale"
"000000705";"МОРОЗ М.О. ФОП";2026-08-18;"РБН00008486";2.00;"м. Київ, вул. Клеманська, 3";"000000031";"36401";"Вино Cavalli Neri Rosso Italiano Semi-Dolce (черв.пол/сол) 0,75л";6.00;124.20;745.20;"050-971-72-31 Олександр Доставка на РЦ в Києві Клеманська 3";"Вино";"sale"
"000000700";"НИКОНЕНКО С.Ю. ФОП";2026-08-18;"РБН00008487";2.00;"м. Київ, вул. Клеманська, 3";"000000031";"36401";"Вино Cavalli Neri Rosso Italiano Semi-Dolce (черв.пол/сол) 0,75л";6.00;124.20;745.20;"050-971-72-31 Олександр Доставка на РЦ в Києві Клеманська 3";"Вино";"sale"
"000000700";"НИКОНЕНКО С.Ю. ФОП";2026-08-18;"РБН00008487";4.00;"м. Київ, вул. Клеманська, 3";"000000028";"36403";"Вино Cavalli Neri Bianco Toscana IGT Chardonnay (біл.сухе) 0,75л";12.00;142.20;1706.40;"050-971-72-31 Олександр Доставка на РЦ в Києві Клеманська 3";"Вино";"sale"
"000000700";"НИКОНЕНКО С.Ю. ФОП";2026-08-18;"РБН00008487";3.00;"м. Київ, вул. Клеманська, 3";"000000391";"25995";"Вино Fattoria Viticcio Morellino di Scansano (черв.сухе) 0,75л";6.00;282.00;1692.00;"050-971-72-31 Олександр Доставка на РЦ в Києві Клеманська 3";"Вино";"sale"
"000000700";"НИКОНЕНКО С.Ю. ФОП";2026-08-18;"РБН00008487";1.00;"м. Київ, вул. Клеманська, 3";"000000030";"36402";"Вино Cavalli Neri Bianco Italiano Semi-Dolce (біл.пол/сол) 0,75л";6.00;124.20;745.20;"050-971-72-31 Олександр Доставка на РЦ в Києві Клеманська 3";"Вино";"sale"
"000000707";"Пасічник М.І. ФОП";2026-08-18;"РБН00008488";1.00;"м. Київ, вул. Клеманська, 3";"000000030";"36402";"Вино Cavalli Neri Bianco Italiano Semi-Dolce (біл.пол/сол) 0,75л";12.00;124.20;1490.40;"050-971-72-31 Олександр Доставка на РЦ в Києві Клеманська 3";"Вино";"sale"
"000000707";"Пасічник М.І. ФОП";2026-08-18;"РБН00008488";4.00;"м. Київ, вул. Клеманська, 3";"000000028";"36403";"Вино Cavalli Neri Bianco Toscana IGT Chardonnay (біл.сухе) 0,75л";6.00;142.20;853.20;"050-971-72-31 Олександр Доставка на РЦ в Києві Клеманська 3";"Вино";"sale"
"000000707";"Пасічник М.І. ФОП";2026-08-18;"РБН00008488";3.00;"м. Київ, вул. Клеманська, 3";"000000339";"33645";"Вино Fattoria Viticcio CHIANTI CLASSICO BIO (черв.сухе) 0,75л";3.00;348.00;1044.00;"050-971-72-31 Олександр Доставка на РЦ в Києві Клеманська 3";"Вино";"sale"
"000000707";"Пасічник М.І. ФОП";2026-08-18;"РБН00008488";2.00;"м. Київ, вул. Клеманська, 3";"000000031";"36401";"Вино Cavalli Neri Rosso Italiano Semi-Dolce (черв.пол/сол) 0,75л";3.00;124.20;372.60;"050-971-72-31 Олександр Доставка на РЦ в Києві Клеманська 3";"Вино";"sale"
"000000703";"ЛЮБОНЬКО Л.В. ФОП";2026-08-18;"РБН00008483";1.00;"м. Київ, вул. Клеманська, 3";"000000031";"36401";"Вино Cavalli Neri Rosso Italiano Semi-Dolce (черв.пол/сол) 0,75л";3.00;124.20;372.60;"050-971-72-31 Олександр Доставка на РЦ в Києві Клеманська 3";"Вино";"sale"
"000000703";"ЛЮБОНЬКО Л.В. ФОП";2026-08-18;"РБН00008483";2.00;"м. Київ, вул. Клеманська, 3";"000000314";"20980";"Вино Fattoria Viticcio Greppico IGT TOSCANA (біл.сухе) 0,75л";3.00;231.00;693.00;"050-971-72-31 Олександр Доставка на РЦ в Києві Клеманська 3";"Вино";"sale"
"000000703";"ЛЮБОНЬКО Л.В. ФОП";2026-08-18;"РБН00008483";3.00;"м. Київ, вул. Клеманська, 3";"000000028";"36403";"Вино Cavalli Neri Bianco Toscana IGT Chardonnay (біл.сухе) 0,75л";6.00;142.20;853.20;"050-971-72-31 Олександр Доставка на РЦ в Києві Клеманська 3";"Вино";"sale"
"000000212";"ПП  ""УКРПАЛЕТСИСТЕМ""";2026-08-18;"РБН00008470";2.00;"м. Київ, вул. Миколи Міхновського, 42";"000000632";"41297";"AUX кабель з Lightning конектором. CJL1-01WT";4.00;211.68;846.72;"Дарина тел 067 278 73 26";"Китай";"sale"
"000000212";"ПП  ""УКРПАЛЕТСИСТЕМ""";2026-08-18;"РБН00008470";3.00;"м. Київ, вул. Миколи Міхновського, 42";"000001039";"46402";"AUX  кабель Remzona прямий CJJ1-02BL";4.00;110.58;442.32;"Дарина тел 067 278 73 26";"Китай";"sale"
"000000212";"ПП  ""УКРПАЛЕТСИСТЕМ""";2026-08-18;"РБН00008470";5.00;"м. Київ, вул. Миколи Міхновського, 42";"000001055";"46414";"Кабель Rem. USB-C (Type-C) 1мCUC1-03BK";4.00;125.70;502.80;"Дарина тел 067 278 73 26";"Китай";"sale"
"000000212";"ПП  ""УКРПАЛЕТСИСТЕМ""";2026-08-18;"РБН00008470";8.00;"м. Київ, вул. Миколи Міхновського, 42";"000001059";"46418";"Кабель Rem. з кон. USB-C (Type-C) 100W 1.2м CCC1-04BK";4.00;169.26;677.04;"Дарина тел 067 278 73 26";"Китай";"sale"
"000000212";"ПП  ""УКРПАЛЕТСИСТЕМ""";2026-08-18;"РБН00008470";6.00;"м. Київ, вул. Миколи Міхновського, 42";"000001056";"46415";"Кабель Rem. Лайтінг 2м CUL2-03BK";4.00;140.70;562.80;"Дарина тел 067 278 73 26";"Китай";"sale"
"000000212";"ПП  ""УКРПАЛЕТСИСТЕМ""";2026-08-18;"РБН00008470";4.00;"м. Київ, вул. Миколи Міхновського, 42";"000001053";"46412";"Кабель Rem. Лайтінг 1мCUL1-03BK";4.00;114.24;456.96;"Дарина тел 067 278 73 26";"Китай";"sale"
"000000212";"ПП  ""УКРПАЛЕТСИСТЕМ""";2026-08-18;"РБН00008470";7.00;"м. Київ, вул. Миколи Міхновського, 42";"000001070";"46429";"Автомобільний тримач для телефону  Remzona PH-09BK";3.00;146.58;439.74;"Дарина тел 067 278 73 26";"Китай";"sale"
"000000212";"ПП  ""УКРПАЛЕТСИСТЕМ""";2026-08-18;"РБН00008470";9.00;"м. Київ, вул. Миколи Міхновського, 42";"000001085";"46555";"Зовнішній акумулятор Remzona Extrinity/PB10X225-03BL";3.00;720.72;2162.16;"Дарина тел 067 278 73 26";"Китай";"sale"
"000000212";"ПП  ""УКРПАЛЕТСИСТЕМ""";2026-08-18;"РБН00008470";10.00;"м. Київ, вул. Миколи Міхновського, 42";"000001086";"46556";"Зовнішній акумулятор Remzona Extrinity/PB20X225-03BL";3.00;943.62;2830.86;"Дарина тел 067 278 73 26";"Китай";"sale"
"000000212";"ПП  ""УКРПАЛЕТСИСТЕМ""";2026-08-18;"РБН00008470";1.00;"м. Київ, вул. Миколи Міхновського, 42";"000001271";"40164";"Іграшка антистрес Каченя ТМ Тискуни ATY012";12.00;51.30;615.60;"Дарина тел 067 278 73 26";"Китай";"sale"
"000000670";"ФДП ТОВ";2026-08-18;"РБН00008436";2.00;"02000, Україна, м. Київ, вул. Олександра Мишуги, 3А";"000001082";"46749";"Вино Ігристе CAVA Los Monteros Semi-Seco (біле, н/сухе) 0,75л";6.00;260.40;1562.40;"";"Вино";"sale"
"000000670";"ФДП ТОВ";2026-08-18;"РБН00008436";1.00;"02000, Україна, м. Київ, вул. Олександра Мишуги, 3А";"000000083";"24623";"Вино Ігристе Castelbprgo Lambrusco Dell'enilia (біл. нап./сол.) 0,75л";12.00;136.20;1634.40;"";"Вино";"sale"
"000000682";"АШАН";2026-08-18;"РБН00008403";6.00;"м. Бориспіль, Бориспільський р-н, вул. Запорізька, 28";"000000339";"33645";"Вино Fattoria Viticcio CHIANTI CLASSICO BIO (черв.сухе) 0,75л";12.00;336.00;4032.00;"";"Вино";"sale"
"000000682";"АШАН";2026-08-18;"РБН00008403";1.00;"м. Бориспіль, Бориспільський р-н, вул. Запорізька, 28";"000000349";"34185";"Вино Ігристе SL Malvasia IGT Emilia Spumante Dolce 0,75л";12.00;186.00;2232.00;"";"Вино";"sale"
"000000682";"АШАН";2026-08-18;"РБН00008403";5.00;"м. Бориспіль, Бориспільський р-н, вул. Запорізька, 28";"000001292";"48868";"Вино Fattoria Viticcio FOGLIA TONDA IGT 2022 (ч,сух) 0,75";12.00;411.60;4939.20;"";"Вино";"sale"
"000000682";"АШАН";2026-08-18;"РБН00008403";4.00;"м. Бориспіль, Бориспільський р-н, вул. Запорізька, 28";"000000084";"22719";"Вино Ігристе Cavalli Neri Bianco Spumante Brut 0,75л";30.00;162.00;4860.00;"";"Вино";"sale"
"000000682";"АШАН";2026-08-18;"РБН00008403";2.00;"м. Бориспіль, Бориспільський р-н, вул. Запорізька, 28";"000000026";"36405";"Вино Cavalli Neri Pinot Grigio IGT (біл.сухе) 0,75л";12.00;134.40;1612.80;"";"Вино";"sale"
"000000682";"АШАН";2026-08-18;"РБН00008403";3.00;"м. Бориспіль, Бориспільський р-н, вул. Запорізька, 28";"000001265";"48555";"Вино BORGHESIA CHIANTI DOCG (черв.сухе) 0,75л";12.00;166.20;1994.40;"";"Вино";"sale"
"000000233";"АЛЬКОР-ІНВЕСТ ПП";2026-08-18;"РБН00008502";4.00;"Волинська обл.Володимирський р-н. с.Затурці вул.Липинського 4а
АЗС № 96";"000000084";"22719";"Вино Ігристе Cavalli Neri Bianco Spumante Brut 0,75л";3.00;204.00;612.00;"Тарасюк Алла 073-174-07-60";"Вино";"sale"
"000000233";"АЛЬКОР-ІНВЕСТ ПП";2026-08-18;"РБН00008502";3.00;"Волинська обл.Володимирський р-н. с.Затурці вул.Липинського 4а
АЗС № 96";"000000349";"34185";"Вино Ігристе SL Malvasia IGT Emilia Spumante Dolce 0,75л";3.00;206.40;619.20;"Тарасюк Алла 073-174-07-60";"Вино";"sale"
"000000233";"АЛЬКОР-ІНВЕСТ ПП";2026-08-18;"РБН00008502";5.00;"Волинська обл.Володимирський р-н. с.Затурці вул.Липинського 4а
АЗС № 96";"000000083";"24623";"Вино Ігристе Castelbprgo Lambrusco Dell'enilia (біл. нап./сол.) 0,75л";3.00;145.86;437.58;"Тарасюк Алла 073-174-07-60";"Вино";"sale"
"000000233";"АЛЬКОР-ІНВЕСТ ПП";2026-08-18;"РБН00008502";1.00;"Волинська обл.Володимирський р-н. с.Затурці вул.Липинського 4а
АЗС № 96";"000000054";"23761";"Напій Fragolino ігр. на основі вина біле 0,75л";6.00;136.20;817.20;"Тарасюк Алла 073-174-07-60";"Вино";"sale"
"000000233";"АЛЬКОР-ІНВЕСТ ПП";2026-08-18;"РБН00008502";2.00;"Волинська обл.Володимирський р-н. с.Затурці вул.Липинського 4а
АЗС № 96";"000000053";"23760";"Напій Fragolino ігр. на основі вина червоне 0,75л";6.00;136.20;817.20;"Тарасюк Алла 073-174-07-60";"Вино";"sale"
"000000121";"УКPНAФТА ПАТ";2026-08-18;"РБН00008504";16.00;"Львівська область, Львівський район, село Кам'янопіль, вул. Старе Село, 1-Б";"000001385";"49499";"Автомобільний зарядний пристрій Remzona Treneas Acey 30W CCAC-02BL ";3.00;270.06;810.18;"Мартиняк Мар'яна Володимирівна 097-386-49-64 +мала стійка";"Китай";"sale"
"000000121";"УКPНAФТА ПАТ";2026-08-18;"РБН00008504";15.00;"Львівська область, Львівський район, село Кам'янопіль, вул. Старе Село, 1-Б";"000001388";"49496";"Автомобільний зарядний пристрій Remzona Treneas 15W CCAA-05BL";3.00;162.96;488.88;"Мартиняк Мар'яна Володимирівна 097-386-49-64 +мала стійка";"Китай";"sale"
"000000121";"УКPНAФТА ПАТ";2026-08-18;"РБН00008504";5.00;"Львівська область, Львівський район, село Кам'янопіль, вул. Старе Село, 1-Б";"000000620";"41285";"Кабель MicroUSB для зарядки та синхронізації пристроїв.CUM1-01BL";3.00;115.62;346.86;"Мартиняк Мар'яна Володимирівна 097-386-49-64 +мала стійка";"Китай";"sale"
"000000121";"УКPНAФТА ПАТ";2026-08-18;"РБН00008504";12.00;"Львівська область, Львівський район, село Кам'янопіль, вул. Старе Село, 1-Б";"000000632";"41297";"AUX кабель з Lightning конектором. CJL1-01WT";3.00;211.68;635.04;"Мартиняк Мар'яна Володимирівна 097-386-49-64 +мала стійка";"Китай";"sale"
"000000121";"УКPНAФТА ПАТ";2026-08-18;"РБН00008504";2.00;"Львівська область, Львівський район, село Кам'янопіль, вул. Старе Село, 1-Б";"000001097";"46567";"Автомобільний тримач для телефону Remzona PHM-13BK";3.00;259.98;779.94;"Мартиняк Мар'яна Володимирівна 097-386-49-64 +мала стійка";"Китай";"sale"
"000000121";"УКPНAФТА ПАТ";2026-08-18;"РБН00008504";3.00;"Львівська область, Львівський район, село Кам'янопіль, вул. Старе Село, 1-Б";"000001098";"46568";"Автомобільний тримач для телефону Remzona PHM-14BK";3.00;269.88;809.64;"Мартиняк Мар'яна Володимирівна 097-386-49-64 +мала стійка";"Китай";"sale"
"000000121";"УКPНAФТА ПАТ";2026-08-18;"РБН00008504";8.00;"Львівська область, Львівський район, село Кам'янопіль, вул. Старе Село, 1-Б";"000001056";"46415";"Кабель Rem. Лайтінг 2м CUL2-03BK";3.00;140.70;422.10;"Мартиняк Мар'яна Володимирівна 097-386-49-64 +мала стійка";"Китай";"sale"
"000000121";"УКPНAФТА ПАТ";2026-08-18;"РБН00008504";6.00;"Львівська область, Львівський район, село Кам'янопіль, вул. Старе Село, 1-Б";"000001059";"46418";"Кабель Rem. з кон. USB-C (Type-C) 100W 1.2м CCC1-04BK";3.00;169.26;507.78;"Мартиняк Мар'яна Володимирівна 097-386-49-64 +мала стійка";"Китай";"sale"
"000000121";"УКPНAФТА ПАТ";2026-08-18;"РБН00008504";9.00;"Львівська область, Львівський район, село Кам'янопіль, вул. Старе Село, 1-Б";"000001057";"46416";"Кабель Rem. MicroUSB 2м CUM2-03BK";3.00;130.14;390.42;"Мартиняк Мар'яна Володимирівна 097-386-49-64 +мала стійка";"Китай";"sale"
"000000121";"УКPНAФТА ПАТ";2026-08-18;"РБН00008504";11.00;"Львівська область, Львівський район, село Кам'янопіль, вул. Старе Село, 1-Б";"000001058";"46417";"Кабель Rem. USB-C (Type-C) 2мCUC2-03BK";3.00;154.26;462.78;"Мартиняк Мар'яна Володимирівна 097-386-49-64 +мала стійка";"Китай";"sale"
"000000121";"УКPНAФТА ПАТ";2026-08-18;"РБН00008504";10.00;"Львівська область, Львівський район, село Кам'янопіль, вул. Старе Село, 1-Б";"000001055";"46414";"Кабель Rem. USB-C (Type-C) 1мCUC1-03BK";3.00;125.70;377.10;"Мартиняк Мар'яна Володимирівна 097-386-49-64 +мала стійка";"Китай";"sale"
"000000121";"УКPНAФТА ПАТ";2026-08-18;"РБН00008504";7.00;"Львівська область, Львівський район, село Кам'янопіль, вул. Старе Село, 1-Б";"000001053";"46412";"Кабель Rem. Лайтінг 1мCUL1-03BK";3.00;114.24;342.72;"Мартиняк Мар'яна Володимирівна 097-386-49-64 +мала стійка";"Китай";"sale"
"000000121";"УКPНAФТА ПАТ";2026-08-18;"РБН00008504";14.00;"Львівська область, Львівський район, село Кам'янопіль, вул. Старе Село, 1-Б";"000000994";"45752";"Мережевий зарядний пристрій Giwell One 18W CHA-02WT";3.00;269.04;807.12;"Мартиняк Мар'яна Володимирівна 097-386-49-64 +мала стійка";"Китай";"sale"
"000000121";"УКPНAФТА ПАТ";2026-08-18;"РБН00008504";1.00;"Львівська область, Львівський район, село Кам'янопіль, вул. Старе Село, 1-Б";"000000952";"45255";"Автовізитка з номером телефону Remzona NP-02BK";3.00;204.90;614.70;"Мартиняк Мар'яна Володимирівна 097-386-49-64 +мала стійка";"Китай";"sale"
"000000121";"УКPНAФТА ПАТ";2026-08-18;"РБН00008504";4.00;"Львівська область, Львівський район, село Кам'янопіль, вул. Старе Село, 1-Б";"000000912";"45035";"Бездротова зарядка Remzona Airchar 20W Matt Black WCH-01BK";3.00;422.82;1268.46;"Мартиняк Мар'яна Володимирівна 097-386-49-64 +мала стійка";"Китай";"sale"
"000000121";"УКPНAФТА ПАТ";2026-08-18;"РБН00008504";13.00;"Львівська область, Львівський район, село Кам'янопіль, вул. Старе Село, 1-Б";"000000908";"45036";"Мережевий заряд пристрій Remzona Giwell Acey 30W CHAC-03WT";3.00;296.40;889.20;"Мартиняк Мар'яна Володимирівна 097-386-49-64 +мала стійка";"Китай";"sale"
